https://www.presidency.ucsb.edu/statistics/data/presidential-job-approval-all-data,,,,,
Start Date,End Date,Approving,Disapproving,Unsure/NoData,President
6/3/2024,6/23/2024,38,58,4,Biden
5/1/2024,5/23/2024,39,56,5,Biden
4/1/2024,4/22/2024,38,58,4,Biden
3/1/2024,3/20/2024,40,55,5,Biden
2/1/2024,2/20/2024,38,59,3,Biden
1/2/2024,1/22/2024,41,54,5,Biden
12/1/2023,12/20/2023,39,59,2,Biden
11/1/2023,11/20/2023,37,59,4,Biden
10/2/2023,10/23/2023,37,59,4,Biden
9/1/2023,9/23/2023,41,58,1,Biden
8/1/2023,8/23/2023,42,53,5,Biden
7/3/2023,7/27/2023,40,55,4,Biden
6/1/2023,6/22/2023,43,54,3,Biden
5/1/2023,5/24/2023,39,57,5,Biden
4/3/2023,4/25/2023,37,59,4,Biden
3/1/2023,3/23/2023,40,56,4,Biden
2/1/2023,2/23/2023,42,54,5,Biden
1/2/2023,1/22/2023,41,54,4,Biden
11/9/2022,12/2/2022,40,55,5,Biden
10/3/2022,10/20/2022,40,56,4,Biden
9/1/2022,9/16/2022,42,56,2,Biden
8/1/2022,8/23/2022,44,53,3,Biden
7/5/2022,7/26/2022,38,59,3,Biden
6/1/2022,6/20/2022,41,57,3,Biden
5/2/2022,5/22/2022,41,54,5,Biden
4/1/2022,4/19/2022,41,56,3,Biden
3/1/2022,3/18/2022,42,54,4,Biden
2/1/2022,2/17/2022,41,55,4,Biden
1/3/2022,1/16/2022,40,56,4,Biden
12/1/2/021,12/16/2021,43,51,6,Biden
11/1/2021,11/16/2021,42,55,3,Biden
10/1/2021,10/19/2021,42,52,6,Biden
9/1/2021,9/17/2021,43,55,2,Biden
8/2/2021,8/17/2021,49,48,3,Biden
7/6/2021,7/21/2021,50,45,5,Biden
6/1/2021,6/18/2021,56,42,2,Biden
5/3/2021,5/18/2021,54,40,6,Biden
4/1/2021,4/21/2021,57,40,3,Biden
3/1/2021,3/15/2021,54,42,4,Biden
2/3/2021,2/18/2021,56,40,4,Biden
1/21/2021,2/2/2021,57,37,6,Biden
1/4/2021,1/15/2021,34,62,4,Trump
12/1/2020,12/17/2020,39,57,4,Trump
11/5/2020,11/19/2020,43,55,2,Trump
10/16/2020,10/27/2020,46,52,2,Trump
9/30/2020,10/15/2020,43,55,2,Trump
9/14/2020,9/28/2020,46,52,2,Trump
8/31/2020,9/13/2020,42,56,2,Trump
7/30/2020,8/12/2020,42,55,3,Trump
7/1/2020,7/23/2020,41,56,3,Trump
6/8/2020,6/30/2020,38,57,5,Trump
5/28/2020,6/4/2020,39,57,4,Trump
5/1/2020,5/13/2020,49,48,3,Trump
4/14/2020,4/28/2020,49,47,4,Trump
4/1/2020,4/14/2020,43,54,3,Trump
3/13/2020,3/22/2020,49,45,6,Trump
3/2/2020,3/13/2020,44,52,4,Trump
2/17/2020,2/28/2020,47,51,2,Trump
2/3/2020,2/16/2020,49,48,3,Trump
1/16/2020,1/29/2020,49,50,1,Trump
1/2/2020,1/15/2020,44,53,3,Trump
12/2/2019,12/15/2019,45,51,4,Trump
11/1/2019,11/14/2019,43,54,3,Trump
10/14/2019,10/31/2019,41,57,2,Trump
10/1/2019,10/13/2019,39,57,4,Trump
9/16/2019,9/30/2019,40,56,4,Trump
9/3/2019,9/15/2019,43,54,3,Trump
8/15/2019,8/30/2019,39,57,4,Trump
8/1/2019,8/14/2019,41,54,5,Trump
7/15/2019,7/31/2019,42,54,4,Trump
7/1/2019,7/12/2019,44,51,5,Trump
6/19/2019,6/30/2019,41,54,5,Trump
6/3/2019,6/16/2019,43,55,2,Trump
5/15/2019,5/30/2019,40,55,5,Trump
5/1/2019,5/12/2019,42,52,6,Trump
4/17/2019,4/30/2019,46,50,4,Trump
4/1/2019,4/9/2019,45,51,4,Trump
3/1/2019,3/10/2019,39,57,4,Trump
2/12/2019,2/28/2019,43,54,3,Trump
2/1/2019,2/10/2019,44,52,4,Trump
1/21/2019,1/27/2019,37,59,4,Trump
1/2/2019,1/10/2019,37,59,4,Trump
12/17/2018,12/22/2018,39,55,6,Trump
12/10/2018,12/16/2018,38,57,5,Trump
12/3/2018,12/9/2018,40,56,4,Trump
11/26/2018,12/2/2018,40,56,4,Trump
11/19/2018,11/25/2018,38,60,2,Trump
11/12/2018,11/18/2018,43,53,4,Trump
11/5/2018,11/11/2018,38,56,6,Trump
10/29/2018,11/4/2018,40,54,6,Trump
10/22/2018,10/28/2018,40,54,6,Trump
10/15/2018,10/21/2018,44,50,6,Trump
10/8/2018,10/14/2018,44,51,5,Trump
10/1/2018,10/7/2018,43,53,4,Trump
9/24/2018,9/30/2018,42,53,5,Trump
9/17/2018,9/23/2018,40,56,4,Trump
9/10/2018,9/16/2018,38,56,6,Trump
9/3/2018,9/9/2018,40,54,6,Trump
8/27/2018,9/2/2018,41,53,6,Trump
8/20/2018,8/26/2018,41,54,5,Trump
8/13/2018,8/19/2018,42,52,6,Trump
8/6/2018,8/12/2018,39,56,5,Trump
7/30/2018,8/5/2018,41,54,5,Trump
7/23/2018,7/29/2018,40,55,5,Trump
7/16/2018,7/22/2018,42,54,4,Trump
7/9/2018,7/15/2018,43,52,5,Trump
7/2/2018,7/8/2018,41,56,3,Trump
6/25/2018,7/1/2018,42,53,5,Trump
6/18/2018,6/24/2018,41,55,4,Trump
6/11/2018,6/17/2018,45,50,5,Trump
6/4/2018,6/10/2018,42,54,4,Trump
5/28/2018,6/3/2018,41,55,4,Trump
5/21/2018,5/27/2018,40,55,5,Trump
5/14/2018,5/20/2018,42,54,4,Trump
5/7/2018,5/13/2018,43,52,5,Trump
4/30/2018,5/6/2018,42,52,6,Trump
4/23/2018,4/29/2018,42,53,5,Trump
4/16/2018,4/22/2018,39,55,6,Trump
4/9/2018,4/15/2018,39,55,6,Trump
4/2/2018,4/8/2018,41,54,5,Trump
3/26/2018,4/1/2018,39,56,5,Trump
3/19/2018,3/25/2018,39,55,6,Trump
3/12/2018,3/18/2018,40,56,4,Trump
3/5/2018,3/11/2018,39,56,5,Trump
2/26/2018,3/4/2018,39,55,6,Trump
2/19/2018,2/25/2018,39,56,5,Trump
2/12/2018,2/18/2018,37,59,4,Trump
2/5/2018,2/11/2018,40,57,3,Trump
1/29/2018,2/4/2018,40,57,3,Trump
1/21/2018,1/28/2018,38,58,4,Trump
1/15/2018,1/21/2018,36,59,5,Trump
1/8/2018,1/14/2018,38,57,5,Trump
1/1/2018,1/7/2018,37,58,5,Trump
12/25/2017,12/31/2017,39,55,6,Trump
12/18/2017,12/24/2017,37,57,6,Trump
12/11/2017,12/17/2017,35,60,5,Trump
12/4/2017,12/10/2017,36,59,5,Trump
11/27/2017,12/3/2017,35,59,6,Trump
11/20/2017,11/26/2017,37,56,7,Trump
11/13/2017,11/19/2017,38,57,5,Trump
11/6/2017,11/12/2017,38,56,6,Trump
10/30/2017,11/5/2017,38,58,4,Trump
10/23/2017,10/29/2017,35,60,5,Trump
10/16/2017,10/22/2017,36,58,6,Trump
10/9/2017,10/15/2017,37,57,6,Trump
10/2/2017,10/8/2017,38,56,6,Trump
9/25/2017,10/1/2017,37,58,5,Trump
9/18/2017,9/24/2017,38,55,7,Trump
9/11/2017,9/17/2017,38,57,5,Trump
9/4/2017,9/10/2017,37,57,6,Trump
8/28/2017,9/3/2017,36,59,5,Trump
8/21/2017,8/27/2017,35,60,5,Trump
8/14/2017,8/20/2017,37,58,5,Trump
8/7/2017,8/13/2017,36,58,6,Trump
7/31/2017,8/6/2017,37,58,5,Trump
7/24/2017,7/30/2017,38,57,5,Trump
7/17/2017,7/23/2017,37,58,5,Trump
7/10/2017,7/16/2017,39,56,5,Trump
7/3/2017,7/9/2017,38,57,5,Trump
6/26/2017,7/2/2017,39,56,5,Trump
6/19/2017,6/25/2017,39,56,5,Trump
6/12/2017,6/18/2017,38,57,5,Trump
6/5/2017,6/11/2017,37,58,5,Trump
5/29/2017,6/4/2017,38,56,6,Trump
5/22/2017,5/28/2017,41,54,5,Trump
5/15/2017,5/21/2017,38,56,6,Trump
5/8/2017,5/14/2017,38,56,6,Trump
5/1/2017,5/7/2017,42,53,5,Trump
4/24/2017,4/30/2017,41,54,5,Trump
4/17/2017,4/23/2017,41,52,7,Trump
4/10/2017,4/16/2017,40,54,6,Trump
4/3/2017,4/9/2017,40,53,7,Trump
3/27/2017,4/2/2017,38,57,5,Trump
3/20/2017,3/26/2017,39,56,5,Trump
3/13/2017,3/19/2017,40,55,5,Trump
3/6/2017,3/12/2017,42,52,6,Trump
2/27/2017,3/5/2017,43,51,6,Trump
2/20/2017,2/26/2017,42,53,5,Trump
2/13/2017,2/19/2017,40,54,6,Trump
2/6/2017,2/12/2017,41,53,6,Trump
1/30/2017,2/5/2017,43,52,5,Trump
1/20/2017,1/29/2017,45,47,8,Trump
1/16/2017,1/19/2017,59,37,4,Obama
1/9/2017,1/15/2017,57,39,4,Obama
1/2/2017,1/8/2017,55,42,3,Obama
12/26/2016,1/1/2017,55,40,5,Obama
12/19/2016,12/25/2016,56,40,4,Obama
12/12/2016,12/18/2016,56,40,4,Obama
12/5/2016,12/11/2016,57,40,3,Obama
11/28/2016,12/4/2016,54,43,3,Obama
11/21/2016,11/27/2016,56,40,4,Obama
11/14/2016,11/20/2016,56,41,3,Obama
11/7/2016,11/13/2016,57,41,2,Obama
10/31/2016,11/6/2016,53,45,2,Obama
10/24/2016,10/30/2016,54,44,2,Obama
10/17/2016,10/23/2016,55,42,3,Obama
10/10/2016,10/16/2016,54,43,3,Obama
10/3/2016,10/9/2016,52,45,3,Obama
9/26/2016,10/2/2016,53,44,3,Obama
9/19/2016,9/25/2016,53,43,4,Obama
9/12/2016,9/18/2016,52,44,4,Obama
9/5/2016,9/11/2016,51,45,4,Obama
8/29/2016,9/4/2016,52,44,4,Obama
8/22/2016,8/28/2016,51,45,4,Obama
8/15/2016,8/21/2016,51,44,5,Obama
8/8/2016,8/14/2016,52,44,4,Obama
8/1/2016,8/7/2016,52,45,3,Obama
7/25/2016,7/31/2016,53,44,3,Obama
7/18/2016,7/24/2016,49,47,4,Obama
7/11/2016,7/17/2016,49,46,5,Obama
7/4/2016,7/10/2016,51,45,4,Obama
6/27/2016,7/3/2016,51,45,4,Obama
6/20/2016,6/26/2016,50,46,4,Obama
6/13/2016,6/19/2016,53,44,3,Obama
6/6/2016,6/12/2016,53,43,4,Obama
5/30/2016,6/5/2016,51,44,5,Obama
5/23/2016,5/29/2016,52,44,4,Obama
5/16/2016,5/22/2016,51,45,4,Obama
5/9/2016,5/15/2016,51,45,4,Obama
5/2/2016,5/8/2016,52,44,4,Obama
4/25/2016,5/1/2016,51,46,3,Obama
4/18/2016,4/24/2016,51,45,4,Obama
4/11/2016,4/17/2016,48,47,5,Obama
4/4/2016,4/10/2016,51,45,4,Obama
3/28/2016,4/3/2016,51,45,4,Obama
3/21/2016,3/27/2016,53,44,3,Obama
3/14/2016,3/20/2016,50,46,4,Obama
3/7/2016,3/13/2016,51,45,4,Obama
2/29/2016,3/6/2016,50,46,4,Obama
2/22/2016,2/28/2016,48,47,5,Obama
2/15/2016,2/21/2016,48,48,4,Obama
2/8/2016,2/14/2016,48,48,4,Obama
2/1/2016,2/7/2016,47,50,3,Obama
1/25/2016,1/31/2016,48,48,4,Obama
1/18/2016,1/24/2016,48,47,5,Obama
1/11/2016,1/17/2016,48,47,5,Obama
1/4/2016,1/10/2016,47,49,4,Obama
12/28/2015,1/3/2016,45,52,3,Obama
12/21/2015,12/27/2015,48,49,3,Obama
12/14/2015,12/20/2015,45,51,4,Obama
12/7/2015,12/13/2015,45,50,5,Obama
11/30/2015,12/6/2015,47,49,4,Obama
11/23/2015,11/29/2015,46,49,5,Obama
11/16/2015,11/22/2015,44,52,4,Obama
11/9/2015,11/15/2015,49,47,4,Obama
11/2/2015,11/8/2015,49,48,3,Obama
10/26/2015,11/1/2015,47,49,4,Obama
10/19/2015,10/25/2015,46,50,4,Obama
10/12/2015,10/18/2015,46,50,4,Obama
10/5/2015,10/11/2015,46,50,4,Obama
9/28/2015,10/4/2015,47,49,4,Obama
9/21/2015,9/27/2015,48,49,3,Obama
9/14/2015,9/20/2015,46,51,3,Obama
9/7/2015,9/13/2015,46,49,5,Obama
8/31/2015,9/6/2015,46,50,4,Obama
8/24/2015,8/30/2015,46,50,4,Obama
8/17/2015,8/23/2015,44,51,5,Obama
8/10/2015,8/16/2015,46,49,5,Obama
8/3/2015,8/9/2015,46,50,4,Obama
7/27/2015,8/2/2015,46,49,5,Obama
7/20/2015,7/26/2015,46,50,4,Obama
7/13/2015,7/19/2015,46,48,6,Obama
7/6/2015,7/12/2015,46,49,5,Obama
6/29/2015,7/5/2015,46,49,5,Obama
6/22/2015,6/28/2015,47,49,4,Obama
6/15/2015,6/21/2015,45,50,5,Obama
6/8/2015,6/14/2015,45,49,6,Obama
6/1/2015,6/7/2015,46,49,5,Obama
5/25/2015,5/31/2015,47,49,4,Obama
5/18/2015,5/24/2015,46,49,5,Obama
5/11/2015,5/17/2015,47,49,4,Obama
5/4/2015,5/10/2015,47,48,5,Obama
4/27/2015,5/3/2015,48,48,4,Obama
4/20/2015,4/26/2015,45,49,6,Obama
4/13/2015,4/19/2015,46,50,4,Obama
4/6/2015,4/12/2015,48,48,4,Obama
3/30/2015,4/5/2015,47,48,5,Obama
3/23/2015,3/29/2015,46,49,5,Obama
3/16/2015,3/22/2015,45,50,5,Obama
3/9/2015,3/15/2015,47,48,5,Obama
3/2/2015,3/8/2015,46,49,5,Obama
2/23/2015,3/1/2015,45,50,5,Obama
2/16/2015,2/22/2015,46,49,5,Obama
2/9/2015,2/15/2015,47,48,5,Obama
2/2/2015,2/8/2015,46,49,5,Obama
1/26/2015,2/1/2015,47,48,5,Obama
1/19/2015,1/25/2015,49,47,4,Obama
1/12/2015,1/18/2015,46,49,5,Obama
1/5/2015,1/11/2015,46,48,6,Obama
12/29/2014,1/4/2015,46,48,6,Obama
12/22/2014,12/28/2014,44,50,6,Obama
12/15/2014,12/21/2014,45,51,4,Obama
12/8/2014,12/14/2014,43,52,5,Obama
12/1/2014,12/7/2014,43,52,5,Obama
11/24/2014,11/30/2014,43,52,5,Obama
11/17/2014,11/23/2014,42,53,5,Obama
11/10/2014,11/16/2014,42,52,6,Obama
11/3/2014,11/9/2014,40,54,6,Obama
10/27/2014,11/2/2014,42,53,5,Obama
10/20/2014,10/26/2014,42,53,5,Obama
10/13/2014,10/19/2014,41,54,5,Obama
10/6/2014,10/12/2014,41,55,4,Obama
9/29/2014,10/5/2014,43,53,4,Obama
9/22/2014,9/28/2014,42,52,6,Obama
9/15/2014,9/21/2014,43,52,5,Obama
9/8/2014,9/14/2014,41,54,5,Obama
9/1/2014,9/7/2014,40,53,7,Obama
8/25/2014,8/31/2014,41,53,6,Obama
8/18/2014,8/24/2014,43,51,6,Obama
8/11/2014,8/17/2014,41,53,6,Obama
8/4/2014,8/10/2014,42,53,5,Obama
7/28/2014,8/3/2014,42,54,4,Obama
7/21/2014,7/27/2014,41,53,6,Obama
7/14/2014,7/20/2014,43,51,6,Obama
7/7/2014,7/13/2014,42,53,5,Obama
6/30/2014,7/6/2014,43,52,5,Obama
6/23/2014,6/29/2014,42,52,6,Obama
6/16/2014,6/22/2014,41,55,4,Obama
6/9/2014,6/15/2014,42,52,6,Obama
6/2/2014,6/8/2014,44,50,6,Obama
5/26/2014,6/1/2014,44,51,5,Obama
5/19/2014,5/25/2014,43,52,5,Obama
5/12/2014,5/18/2014,44,51,5,Obama
5/5/2014,5/11/2014,45,50,5,Obama
4/28/2014,5/4/2014,44,50,6,Obama
4/21/2014,4/27/2014,44,50,6,Obama
4/14/2014,4/20/2014,44,50,6,Obama
4/7/2014,4/13/2014,43,51,6,Obama
3/31/2014,4/6/2014,44,51,5,Obama
3/24/2014,3/30/2014,43,52,5,Obama
3/17/2014,3/23/2014,44,51,5,Obama
3/10/2014,3/16/2014,40,54,6,Obama
3/3/2014,3/9/2014,43,53,4,Obama
2/24/2014,3/2/2014,42,54,4,Obama
2/17/2014,2/23/2014,45,51,4,Obama
2/10/2014,2/16/2014,40,53,7,Obama
2/3/2014,2/9/2014,41,51,8,Obama
1/27/2014,2/2/2014,42,50,8,Obama
1/20/2014,1/26/2014,42,50,8,Obama
1/13/2014,1/19/2014,40,52,8,Obama
1/6/2014,1/12/2014,41,51,8,Obama
1/2/2014,1/5/2014,41,53,6,Obama
12/23/2013,12/29/2013,43,51,6,Obama
12/16/2013,12/22/2013,40,52,8,Obama
12/9/2013,12/15/2013,42,50,8,Obama
12/2/2013,12/8/2013,41,51,8,Obama
11/25/2013,12/1/2013,42,52,6,Obama
11/18/2013,11/24/2013,40,53,7,Obama
11/11/2013,11/17/2013,41,52,7,Obama
11/4/2013,11/10/2013,41,52,7,Obama
10/28/2013,11/3/2013,41,52,7,Obama
10/21/2013,10/27/2013,43,50,7,Obama
10/14/2013,10/20/2013,43,51,6,Obama
10/7/2013,10/13/2013,42,52,6,Obama
9/30/2013,10/6/2013,44,50,6,Obama
9/23/2013,9/29/2013,45,48,7,Obama
9/16/2013,9/22/2013,44,47,9,Obama
9/9/2013,9/15/2013,45,46,9,Obama
9/2/2013,9/8/2013,44,48,8,Obama
8/26/2013,9/1/2013,44,48,8,Obama
8/19/2013,8/25/2013,46,46,8,Obama
8/12/2013,8/18/2013,46,45,9,Obama
8/5/2013,8/11/2013,44,48,8,Obama
7/29/2013,8/4/2013,45,48,7,Obama
7/22/2013,7/28/2013,46,47,7,Obama
7/15/2013,7/21/2013,47,46,7,Obama
7/8/2013,7/14/2013,46,47,7,Obama
7/1/2013,7/7/2013,46,46,8,Obama
6/24/2013,6/30/2013,47,45,8,Obama
6/17/2013,6/23/2013,46,46,8,Obama
6/10/2013,6/16/2013,47,46,7,Obama
6/3/2013,6/9/2013,48,45,7,Obama
5/27/2013,6/2/2013,48,44,8,Obama
5/20/2013,5/26/2013,49,44,7,Obama
5/13/2013,5/19/2013,49,44,7,Obama
5/6/2013,5/12/2013,49,44,7,Obama
4/29/2013,5/5/2013,50,44,6,Obama
4/22/2013,4/28/2013,51,42,7,Obama
4/15/2013,4/21/2013,50,43,7,Obama
4/8/2013,4/14/2013,49,45,6,Obama
4/1/2013,4/7/2013,48,45,7,Obama
3/25/2013,3/30/2013,48,45,7,Obama
3/18/2013,3/24/2013,47,45,8,Obama
3/11/2013,3/17/2013,48,46,6,Obama
3/4/2013,3/10/2013,49,44,7,Obama
2/25/2013,3/3/2013,49,44,7,Obama
2/18/2013,2/24/2013,51,42,7,Obama
2/11/2013,2/17/2013,51,43,6,Obama
2/4/2013,2/10/2013,52,42,6,Obama
1/28/2013,2/3/2013,53,42,5,Obama
1/21/2013,1/27/2013,52,43,5,Obama
1/14/2013,1/20/2013,50,43,7,Obama
1/7/2013,1/13/2013,54,41,5,Obama
12/31/2012,1/6/2013,53,40,7,Obama
12/24/2012,12/30/2012,53,41,6,Obama
12/17/2012,12/23/2012,57,37,6,Obama
12/10/2012,12/16/2012,52,40,8,Obama
12/3/2012,12/9/2012,50,44,6,Obama
11/26/2012,12/2/2012,51,42,7,Obama
11/19/2012,11/25/2012,52,40,8,Obama
11/12/2012,11/18/2012,53,41,6,Obama
11/5/2012,11/11/2012,51,43,6,Obama
10/29/2012,11/4/2012,52,45,3,Obama
10/22/2012,10/28/2012,50,45,5,Obama
10/15/2012,10/21/2012,50,45,5,Obama
10/8/2012,10/14/2012,50,45,5,Obama
10/1/2012,10/7/2012,52,43,5,Obama
9/24/2012,9/30/2012,48,45,7,Obama
9/17/2012,9/23/2012,49,45,6,Obama
9/10/2012,9/16/2012,50,44,6,Obama
9/3/2012,9/9/2012,50,44,6,Obama
8/27/2012,9/2/2012,44,47,9,Obama
8/20/2012,8/26/2012,46,47,7,Obama
8/13/2012,8/19/2012,45,49,6,Obama
8/6/2012,8/12/2012,45,49,6,Obama
7/30/2012,8/5/2012,45,48,7,Obama
7/23/2012,7/29/2012,47,47,6,Obama
7/16/2012,7/22/2012,45,48,7,Obama
7/9/2012,7/15/2012,46,47,7,Obama
7/2/2012,7/8/2012,45,46,9,Obama
6/25/2012,7/1/2012,47,46,7,Obama
6/18/2012,6/24/2012,46,48,6,Obama
6/11/2012,6/17/2012,46,48,6,Obama
6/4/2012,6/10/2012,47,46,7,Obama
5/28/2012,6/3/2012,46,46,8,Obama
5/21/2012,5/27/2012,48,46,6,Obama
5/14/2012,5/20/2012,47,46,7,Obama
5/7/2012,5/13/2012,47,47,6,Obama
4/30/2012,5/6/2012,48,46,6,Obama
4/23/2012,4/29/2012,48,46,6,Obama
4/16/2012,4/22/2012,48,46,6,Obama
4/9/2012,4/15/2012,47,46,7,Obama
4/2/2012,4/8/2012,47,46,7,Obama
3/26/2012,4/1/2012,46,45,9,Obama
3/19/2012,3/25/2012,46,45,9,Obama
3/12/2012,3/18/2012,46,47,7,Obama
3/5/2012,3/11/2012,48,44,8,Obama
2/27/2012,3/4/2012,45,48,7,Obama
2/20/2012,2/26/2012,45,47,8,Obama
2/13/2012,2/19/2012,45,47,8,Obama
2/6/2012,2/12/2012,47,47,6,Obama
1/30/2012,2/5/2012,46,47,7,Obama
1/23/2012,1/29/2012,45,48,7,Obama
1/16/2012,1/22/2012,45,46,9,Obama
1/9/2012,1/15/2012,45,47,8,Obama
1/2/2012,1/8/2012,46,47,7,Obama
12/26/2011,1/1/2012,42,49,9,Obama
12/19/2011,12/25/2011,45,47,8,Obama
12/12/2011,12/18/2011,42,50,8,Obama
12/5/2011,12/11/2011,43,50,7,Obama
11/28/2011,12/4/2011,42,50,8,Obama
11/21/2011,11/27/2011,43,49,8,Obama
11/14/2011,11/20/2011,43,49,8,Obama
11/7/2011,11/13/2011,43,48,9,Obama
10/31/2011,11/6/2011,43,50,7,Obama
10/24/2011,10/30/2011,43,49,8,Obama
10/17/2011,10/23/2011,41,51,8,Obama
10/10/2011,10/16/2011,41,52,7,Obama
10/3/2011,10/9/2011,40,53,7,Obama
9/26/2011,10/2/2011,41,50,9,Obama
9/19/2011,9/25/2011,41,51,8,Obama
9/12/2011,9/18/2011,40,52,8,Obama
9/5/2011,9/11/2011,43,49,8,Obama
8/29/2011,9/4/2011,42,51,7,Obama
8/22/2011,8/28/2011,40,53,7,Obama
8/15/2011,8/21/2011,40,53,7,Obama
8/8/2011,8/14/2011,40,52,8,Obama
8/1/2011,8/7/2011,42,50,8,Obama
7/25/2011,7/31/2011,42,49,9,Obama
7/18/2011,7/24/2011,43,48,9,Obama
7/11/2011,7/17/2011,44,48,8,Obama
7/4/2011,7/10/2011,46,45,9,Obama
6/27/2011,7/3/2011,46,47,7,Obama
6/20/2011,6/26/2011,43,49,8,Obama
6/13/2011,6/19/2011,47,45,8,Obama
6/6/2011,6/12/2011,46,44,10,Obama
5/30/2011,6/5/2011,50,42,8,Obama
5/23/2011,5/29/2011,49,43,8,Obama
5/16/2011,5/22/2011,50,43,7,Obama
5/9/2011,5/15/2011,49,43,8,Obama
5/2/2011,5/8/2011,51,40,9,Obama
4/25/2011,5/1/2011,44,47,9,Obama
4/18/2011,4/24/2011,43,48,9,Obama
4/11/2011,4/17/2011,43,48,9,Obama
4/4/2011,4/10/2011,45,46,9,Obama
3/28/2011,4/3/2011,48,44,8,Obama
3/21/2011,3/27/2011,45,47,8,Obama
3/14/2011,3/20/2011,48,44,8,Obama
3/7/2011,3/13/2011,47,45,8,Obama
2/28/2011,3/6/2011,46,46,8,Obama
2/21/2011,2/27/2011,48,44,8,Obama
2/14/2011,2/20/2011,48,43,9,Obama
2/7/2011,2/13/2011,48,43,9,Obama
1/31/2011,2/6/2011,47,45,8,Obama
1/24/2011,1/30/2011,50,42,8,Obama
1/17/2011,1/23/2011,50,42,8,Obama
1/10/2011,1/16/2011,49,42,9,Obama
1/3/2011,1/9/2011,48,45,7,Obama
12/27/2010,1/2/2011,48,44,8,Obama
12/20/2010,12/26/2010,47,46,7,Obama
12/13/2010,12/19/2010,46,46,8,Obama
12/6/2010,12/12/2010,45,48,7,Obama
11/29/2010,12/5/2010,46,46,8,Obama
11/22/2010,11/28/2010,45,47,8,Obama
11/15/2010,11/21/2010,46,46,8,Obama
11/8/2010,11/14/2010,44,48,8,Obama
11/1/2010,11/7/2010,45,47,8,Obama
10/25/2010,10/31/2010,45,48,7,Obama
10/18/2010,10/24/2010,44,48,8,Obama
10/11/2010,10/17/2010,45,47,8,Obama
10/4/2010,10/10/2010,46,48,6,Obama
9/27/2010,10/3/2010,46,47,7,Obama
9/20/2010,9/26/2010,44,48,8,Obama
9/13/2010,9/19/2010,46,47,7,Obama
9/6/2010,9/12/2010,46,46,8,Obama
8/30/2010,9/5/2010,45,47,8,Obama
8/23/2010,8/29/2010,43,49,8,Obama
8/16/2010,8/22/2010,43,50,7,Obama
8/9/2010,8/15/2010,44,48,8,Obama
8/2/2010,8/8/2010,45,48,7,Obama
7/26/2010,8/1/2010,45,47,8,Obama
7/19/2010,7/25/2010,45,47,8,Obama
7/12/2010,7/18/2010,46,46,8,Obama
7/5/2010,7/11/2010,46,47,7,Obama
6/28/2010,7/4/2010,46,45,9,Obama
6/21/2010,6/27/2010,45,46,9,Obama
6/14/2010,6/20/2010,47,45,8,Obama
6/7/2010,6/13/2010,46,46,8,Obama
5/31/2010,6/6/2010,47,45,8,Obama
5/24/2010,5/30/2010,46,46,8,Obama
5/17/2010,5/23/2010,48,45,7,Obama
5/10/2010,5/16/2010,49,43,8,Obama
5/3/2010,5/9/2010,50,43,7,Obama
4/26/2010,5/2/2010,48,45,7,Obama
4/19/2010,4/25/2010,50,43,7,Obama
4/12/2010,4/18/2010,48,45,7,Obama
4/5/2010,4/11/2010,47,46,7,Obama
3/29/2010,4/4/2010,49,44,7,Obama
3/22/2010,3/28/2010,49,44,7,Obama
3/15/2010,3/21/2010,48,45,7,Obama
3/8/2010,3/14/2010,48,45,7,Obama
3/1/2010,3/7/2010,49,44,7,Obama
2/22/2010,2/28/2010,50,43,7,Obama
2/15/2010,2/21/2010,49,43,8,Obama
2/8/2010,2/14/2010,51,42,7,Obama
2/1/2010,2/7/2010,50,43,7,Obama
1/25/2010,1/31/2010,48,45,7,Obama
1/18/2010,1/24/2010,49,46,5,Obama
1/11/2010,1/17/2010,50,43,7,Obama
1/4/2010,1/10/2010,51,43,6,Obama
12/28/2009,1/3/2010,51,43,6,Obama
12/21/2009,12/27/2009,51,43,6,Obama
12/14/2009,12/20/2009,50,43,7,Obama
12/7/2009,12/13/2009,49,42,9,Obama
11/30/2009,12/6/2009,50,44,6,Obama
11/23/2009,11/29/2009,50,42,8,Obama
11/16/2009,11/22/2009,49,44,7,Obama
11/9/2009,11/15/2009,53,39,8,Obama
11/2/2009,11/8/2009,52,42,6,Obama
10/26/2009,11/1/2009,53,41,6,Obama
10/19/2009,10/25/2009,53,39,8,Obama
10/12/2009,10/18/2009,52,41,7,Obama
10/5/2009,10/11/2009,54,38,8,Obama
9/28/2009,10/4/2009,52,40,8,Obama
9/21/2009,9/27/2009,51,41,8,Obama
9/14/2009,9/20/2009,52,41,7,Obama
9/7/2009,9/13/2009,52,41,7,Obama
8/31/2009,9/6/2009,53,40,7,Obama
8/24/2009,8/30/2009,50,43,7,Obama
8/17/2009,8/23/2009,52,41,7,Obama
8/10/2009,8/16/2009,54,40,6,Obama
8/3/2009,8/9/2009,56,37,7,Obama
7/27/2009,8/2/2009,54,39,7,Obama
7/20/2009,7/26/2009,56,38,6,Obama
7/13/2009,7/19/2009,59,33,8,Obama
7/6/2009,7/12/2009,58,34,8,Obama
6/29/2009,7/5/2009,60,32,8,Obama
6/22/2009,6/28/2009,60,33,7,Obama
6/15/2009,6/21/2009,59,34,7,Obama
6/8/2009,6/14/2009,61,31,8,Obama
6/1/2009,6/7/2009,62,31,7,Obama
5/25/2009,5/31/2009,63,30,7,Obama
5/18/2009,5/24/2009,64,28,8,Obama
5/11/2009,5/17/2009,64,29,7,Obama
5/4/2009,5/10/2009,66,27,7,Obama
4/27/2009,5/3/2009,65,29,6,Obama
4/20/2009,4/26/2009,65,29,6,Obama
4/13/2009,4/19/2009,62,29,9,Obama
4/6/2009,4/12/2009,61,28,11,Obama
3/30/2009,4/5/2009,62,28,10,Obama
3/23/2009,3/29/2009,61,29,10,Obama
3/16/2009,3/22/2009,63,26,11,Obama
3/9/2009,3/15/2009,62,28,10,Obama
3/2/2009,3/8/2009,62,27,11,Obama
2/23/2009,3/1/2009,64,23,13,Obama
2/16/2009,2/22/2009,62,25,13,Obama
2/9/2009,2/15/2009,64,22,14,Obama
2/2/2009,2/8/2009,65,21,14,Obama
1/26/2009,2/1/2009,66,18,16,Obama
1/19/2009,1/25/2009,67,13,20,Obama
1/9/2009,1/11/2009,34,61,5,G. W. Bush
12/12/2008,12/14/2008,29,67,4,G. W. Bush
12/4/2008,12/7/2008,32,61,7,G. W. Bush
11/13/2008,11/16/2008,29,66,5,G. W. Bush
11/7/2008,11/9/2008,28,68,4,G. W. Bush
10/31/2008,11/2/2008,25,70,5,G. W. Bush
10/23/2008,10/26/2008,31,66,3,G. W. Bush
10/10/2008,10/12/2008,25,71,4,G. W. Bush
10/3/2008,10/5/2008,25,70,5,G. W. Bush
9/26/2008,9/27/2008,27,69,4,G. W. Bush
9/8/2008,9/11/2008,31,65,4,G. W. Bush
9/5/2008,9/7/2008,33,64,3,G. W. Bush
8/21/2008,8/23/2008,29,66,5,G. W. Bush
8/7/2008,8/10/2008,33,61,6,G. W. Bush
7/25/2008,7/27/2008,32,65,3,G. W. Bush
7/10/2008,7/13/2008,31,61,8,G. W. Bush
6/15/2008,6/19/2008,28,68,4,G. W. Bush
6/9/2008,6/12/2008,30,64,6,G. W. Bush
5/30/2008,6/1/2008,28,68,4,G. W. Bush
5/8/2008,5/11/2008,29,65,6,G. W. Bush
5/1/2008,5/3/2008,28,67,5,G. W. Bush
4/18/2008,4/20/2008,28,69,3,G. W. Bush
4/6/2008,4/9/2008,28,67,5,G. W. Bush
3/14/2008,3/16/2008,32,64,4,G. W. Bush
3/6/2008,3/9/2008,32,64,4,G. W. Bush
2/21/2008,2/24/2008,32,62,6,G. W. Bush
2/11/2008,2/14/2008,31,65,4,G. W. Bush
2/8/2008,2/10/2008,33,61,6,G. W. Bush
1/30/2008,2/2/2008,34,61,5,G. W. Bush
1/10/2008,1/13/2008,34,60,6,G. W. Bush
1/4/2008,1/6/2008,32,64,4,G. W. Bush
12/14/2007,12/16/2007,32,65,3,G. W. Bush
12/6/2007,12/9/2007,37,57,6,G. W. Bush
11/30/2007,12/2/2007,34,62,4,G. W. Bush
11/11/2007,11/14/2007,32,61,7,G. W. Bush
11/2/2007,11/4/2007,31,64,5,G. W. Bush
10/12/2007,10/14/2007,32,64,4,G. W. Bush
10/4/2007,10/7/2007,32,64,4,G. W. Bush
9/14/2007,9/16/2007,36,62,2,G. W. Bush
9/7/2007,9/8/2007,33,62,5,G. W. Bush
8/13/2007,8/16/2007,32,63,5,G. W. Bush
8/3/2007,8/5/2007,34,62,4,G. W. Bush
7/12/2007,7/15/2007,31,63,6,G. W. Bush
7/6/2007,7/8/2007,29,66,5,G. W. Bush
6/11/2007,6/14/2007,32,65,3,G. W. Bush
6/1/2007,6/3/2007,32,62,6,G. W. Bush
5/10/2007,5/13/2007,33,62,5,G. W. Bush
5/4/2007,5/6/2007,34,63,3,G. W. Bush
4/13/2007,4/15/2007,36,60,4,G. W. Bush
4/2/2007,4/5/2007,38,58,4,G. W. Bush
3/23/2007,3/25/2007,34,62,4,G. W. Bush
3/11/2007,3/14/2007,35,61,4,G. W. Bush
3/2/2007,3/4/2007,33,63,4,G. W. Bush
2/9/2007,2/11/2007,37,59,4,G. W. Bush
2/1/2007,2/4/2007,32,65,3,G. W. Bush
1/15/2007,1/18/2007,36,61,3,G. W. Bush
1/12/2007,1/14/2007,34,63,3,G. W. Bush
1/5/2007,1/7/2007,37,59,4,G. W. Bush
12/11/2006,12/14/2006,35,61,4,G. W. Bush
12/8/2006,12/10/2006,38,59,3,G. W. Bush
11/9/2006,11/12/2006,37,62,1,G. W. Bush
11/2/2006,11/5/2006,38,56,6,G. W. Bush
10/20/2006,10/22/2006,37,58,5,G. W. Bush
10/9/2006,10/12/2006,37,57,6,G. W. Bush
10/6/2006,10/8/2006,37,59,4,G. W. Bush
9/15/2006,9/17/2006,44,51,5,G. W. Bush
9/7/2006,9/10/2006,39,56,5,G. W. Bush
8/18/2006,8/20/2006,42,54,4,G. W. Bush
8/7/2006,8/10/2006,37,59,4,G. W. Bush
7/28/2006,7/30/2006,40,56,4,G. W. Bush
7/21/2006,7/23/2006,37,59,4,G. W. Bush
7/6/2006,7/9/2006,40,55,5,G. W. Bush
6/23/2006,6/25/2006,37,60,3,G. W. Bush
6/9/2006,6/11/2006,38,56,6,G. W. Bush
6/1/2006,6/4/2006,36,57,7,G. W. Bush
5/8/2006,5/11/2006,33,61,6,G. W. Bush
5/5/2006,5/7/2006,31,61,8,G. W. Bush
4/28/2006,4/30/2006,34,65,1,G. W. Bush
4/10/2006,4/13/2006,36,63,1,G. W. Bush
4/7/2006,4/9/2006,37,60,3,G. W. Bush
3/13/2006,3/16/2006,37,59,4,G. W. Bush
3/10/2006,3/12/2006,36,60,4,G. W. Bush
2/28/2006,3/1/2006,38,60,2,G. W. Bush
2/9/2006,2/12/2006,39,56,5,G. W. Bush
2/6/2006,2/9/2006,42,55,3,G. W. Bush
1/20/2006,1/22/2006,43,54,3,G. W. Bush
1/9/2006,1/12/2006,43,53,4,G. W. Bush
1/6/2006,1/8/2006,43,54,3,G. W. Bush
12/19/2005,12/22/2005,43,53,4,G. W. Bush
12/16/2005,12/18/2005,41,56,3,G. W. Bush
12/9/2005,12/11/2005,42,55,3,G. W. Bush
12/5/2005,12/8/2005,43,52,5,G. W. Bush
11/17/2005,11/20/2005,38,57,5,G. W. Bush
11/11/2005,11/13/2005,37,60,3,G. W. Bush
11/7/2005,11/10/2005,40,55,5,G. W. Bush
10/28/2005,10/30/2005,41,56,3,G. W. Bush
10/21/2005,10/23/2005,42,55,3,G. W. Bush
10/13/2005,10/16/2005,39,58,3,G. W. Bush
9/26/2005,9/28/2005,44,50,6,G. W. Bush
9/16/2005,9/18/2005,40,58,2,G. W. Bush
9/12/2005,9/15/2005,45,52,3,G. W. Bush
9/8/2005,9/11/2005,46,51,3,G. W. Bush
8/28/2005,8/30/2005,45,52,3,G. W. Bush
8/22/2005,8/25/2005,40,58,2,G. W. Bush
8/8/2005,8/11/2005,45,51,4,G. W. Bush
8/5/2005,8/7/2005,45,51,4,G. W. Bush
7/25/2005,7/28/2005,44,51,5,G. W. Bush
7/22/2005,7/24/2005,49,48,3,G. W. Bush
7/7/2005,7/10/2005,49,48,3,G. W. Bush
6/29/2005,6/30/2005,46,51,3,G. W. Bush
6/24/2005,6/26/2005,45,53,2,G. W. Bush
6/16/2005,6/19/2005,47,51,2,G. W. Bush
6/6/2005,6/8/2005,47,49,4,G. W. Bush
5/23/2005,5/26/2005,48,47,5,G. W. Bush
5/20/2005,5/22/2005,46,50,4,G. W. Bush
5/2/2005,5/5/2005,50,45,5,G. W. Bush
4/29/2005,5/1/2005,48,49,3,G. W. Bush
4/18/2005,4/21/2005,48,49,3,G. W. Bush
4/4/2005,4/7/2005,50,45,5,G. W. Bush
4/1/2005,4/2/2005,48,48,4,G. W. Bush
3/21/2005,3/23/2005,45,49,6,G. W. Bush
3/18/2005,3/20/2005,52,44,4,G. W. Bush
3/7/2005,3/10/2005,52,44,4,G. W. Bush
2/25/2005,2/27/2005,52,45,3,G. W. Bush
2/21/2005,2/24/2005,51,45,4,G. W. Bush
2/7/2005,2/10/2005,49,48,3,G. W. Bush
2/4/2005,2/6/2005,57,40,3,G. W. Bush
1/14/2005,1/16/2005,51,46,3,G. W. Bush
1/7/2005,1/9/2005,52,44,4,G. W. Bush
1/3/2005,1/5/2005,52,44,4,G. W. Bush
12/17/2004,12/19/2004,49,46,5,G. W. Bush
12/5/2004,12/8/2004,53,44,3,G. W. Bush
11/19/2004,11/21/2004,55,42,3,G. W. Bush
11/7/2004,11/10/2004,53,44,3,G. W. Bush
10/29/2004,10/31/2004,48,47,5,G. W. Bush
10/22/2004,10/24/2004,51,46,3,G. W. Bush
10/14/2004,10/16/2004,51,47,2,G. W. Bush
10/11/2004,10/14/2004,48,49,3,G. W. Bush
10/9/2004,10/10/2004,47,49,4,G. W. Bush
10/1/2004,10/3/2004,50,48,2,G. W. Bush
9/24/2004,9/26/2004,54,44,2,G. W. Bush
9/13/2004,9/15/2004,52,45,3,G. W. Bush
9/3/2004,9/5/2004,52,46,2,G. W. Bush
8/23/2004,8/25/2004,49,47,4,G. W. Bush
8/9/2004,8/11/2004,51,46,3,G. W. Bush
7/30/2004,8/1/2004,48,49,3,G. W. Bush
7/19/2004,7/21/2004,49,47,4,G. W. Bush
7/8/2004,7/11/2004,47,49,4,G. W. Bush
6/21/2004,6/23/2004,48,49,3,G. W. Bush
6/3/2004,6/6/2004,49,49,2,G. W. Bush
5/21/2004,5/23/2004,47,49,4,G. W. Bush
5/7/2004,5/9/2004,46,51,3,G. W. Bush
5/2/2004,5/4/2004,49,48,3,G. W. Bush
4/16/2004,4/18/2004,52,45,3,G. W. Bush
4/5/2004,4/8/2004,52,45,3,G. W. Bush
3/26/2004,3/28/2004,53,44,3,G. W. Bush
3/8/2004,3/11/2004,50,47,3,G. W. Bush
3/5/2004,3/7/2004,49,48,3,G. W. Bush
2/16/2004,2/17/2004,51,46,3,G. W. Bush
2/9/2004,2/12/2004,51,46,3,G. W. Bush
2/6/2004,2/8/2004,52,44,4,G. W. Bush
1/29/2004,2/1/2004,49,48,3,G. W. Bush
1/12/2004,1/15/2004,53,44,3,G. W. Bush
1/9/2004,1/11/2004,59,38,3,G. W. Bush
1/2/2004,1/5/2004,60,35,5,G. W. Bush
12/15/2003,12/16/2003,63,34,3,G. W. Bush
12/11/2003,12/14/2003,56,41,3,G. W. Bush
12/5/2003,12/7/2003,55,43,2,G. W. Bush
11/14/2003,11/16/2003,50,47,3,G. W. Bush
11/10/2003,11/12/2003,51,45,4,G. W. Bush
11/3/2003,11/5/2003,54,43,3,G. W. Bush
10/24/2003,10/26/2003,53,42,5,G. W. Bush
10/10/2003,10/12/2003,56,40,4,G. W. Bush
10/6/2003,10/8/2003,55,42,3,G. W. Bush
9/19/2003,9/21/2003,50,47,3,G. W. Bush
9/8/2003,9/10/2003,52,43,5,G. W. Bush
8/25/2003,8/26/2003,59,37,4,G. W. Bush
8/4/2003,8/6/2003,60,36,4,G. W. Bush
7/25/2003,7/27/2003,58,38,4,G. W. Bush
7/18/2003,7/20/2003,59,38,3,G. W. Bush
7/7/2003,7/9/2003,62,34,4,G. W. Bush
6/27/2003,6/29/2003,61,36,3,G. W. Bush
6/12/2003,6/15/2003,63,33,4,G. W. Bush
6/9/2003,6/10/2003,62,34,4,G. W. Bush
5/30/2003,6/1/2003,64,32,4,G. W. Bush
5/19/2003,5/21/2003,66,30,4,G. W. Bush
5/5/2003,5/7/2003,69,28,3,G. W. Bush
4/22/2003,4/23/2003,70,26,4,G. W. Bush
4/14/2003,4/16/2003,71,24,5,G. W. Bush
4/7/2003,4/9/2003,69,26,5,G. W. Bush
4/5/2003,4/6/2003,70,27,3,G. W. Bush
3/29/2003,3/30/2003,71,26,3,G. W. Bush
3/24/2003,3/25/2003,69,27,4,G. W. Bush
3/22/2003,3/23/2003,71,25,4,G. W. Bush
3/14/2003,3/15/2003,58,38,4,G. W. Bush
3/3/2003,3/5/2003,57,37,6,G. W. Bush
2/24/2003,2/26/2003,57,37,6,G. W. Bush
2/17/2003,2/19/2003,58,37,5,G. W. Bush
2/7/2003,2/9/2003,61,34,5,G. W. Bush
2/3/2003,2/6/2003,59,35,6,G. W. Bush
1/31/2003,2/2/2003,61,35,4,G. W. Bush
1/23/2003,1/25/2003,60,36,4,G. W. Bush
1/20/2003,1/22/2003,58,36,6,G. W. Bush
1/13/2003,1/16/2003,61,34,5,G. W. Bush
1/10/2003,1/12/2003,58,37,5,G. W. Bush
1/3/2003,1/5/2003,63,32,5,G. W. Bush
12/19/2002,12/22/2002,61,32,7,G. W. Bush
12/16/2002,12/17/2002,63,33,4,G. W. Bush
12/9/2002,12/10/2002,63,32,5,G. W. Bush
12/5/2002,12/8/2002,64,29,7,G. W. Bush
11/22/2002,11/24/2002,65,28,7,G. W. Bush
11/11/2002,11/14/2002,66,26,8,G. W. Bush
11/8/2002,11/10/2002,68,27,5,G. W. Bush
10/31/2002,11/3/2002,63,29,8,G. W. Bush
10/21/2002,10/22/2002,67,28,5,G. W. Bush
10/14/2002,10/17/2002,62,31,7,G. W. Bush
10/3/2002,10/6/2002,67,28,5,G. W. Bush
9/23/2002,9/26/2002,68,26,6,G. W. Bush
9/20/2002,9/22/2002,66,30,4,G. W. Bush
9/13/2002,9/16/2002,70,26,4,G. W. Bush
9/5/2002,9/8/2002,66,30,4,G. W. Bush
9/2/2002,9/4/2002,66,29,5,G. W. Bush
8/19/2002,8/21/2002,65,28,7,G. W. Bush
8/5/2002,8/8/2002,68,26,6,G. W. Bush
7/29/2002,7/31/2002,71,23,6,G. W. Bush
7/26/2002,7/28/2002,69,26,5,G. W. Bush
7/22/2002,7/24/2002,69,24,7,G. W. Bush
7/9/2002,7/11/2002,73,21,6,G. W. Bush
7/5/2002,7/8/2002,76,18,6,G. W. Bush
6/28/2002,6/30/2002,76,19,5,G. W. Bush
6/21/2002,6/23/2002,73,21,6,G. W. Bush
6/17/2002,6/19/2002,74,20,6,G. W. Bush
6/7/2002,6/8/2002,74,18,8,G. W. Bush
6/3/2002,6/6/2002,70,23,7,G. W. Bush
5/28/2002,5/29/2002,77,17,6,G. W. Bush
5/20/2002,5/22/2002,76,17,7,G. W. Bush
5/6/2002,5/9/2002,76,19,5,G. W. Bush
4/29/2002,5/1/2002,77,20,3,G. W. Bush
4/22/2002,4/24/2002,77,17,6,G. W. Bush
4/8/2002,4/11/2002,75,20,5,G. W. Bush
4/5/2002,4/7/2002,76,19,5,G. W. Bush
3/22/2002,3/24/2002,79,17,4,G. W. Bush
3/18/2002,3/20/2002,79,16,5,G. W. Bush
3/8/2002,3/9/2002,80,14,6,G. W. Bush
3/4/2002,3/7/2002,77,18,5,G. W. Bush
3/1/2002,3/3/2002,81,14,5,G. W. Bush
2/8/2002,2/10/2002,82,14,4,G. W. Bush
2/4/2002,2/6/2002,82,14,4,G. W. Bush
1/25/2002,1/27/2002,84,13,3,G. W. Bush
1/11/2002,1/14/2002,83,13,4,G. W. Bush
1/7/2002,1/9/2002,84,12,4,G. W. Bush
12/14/2001,12/16/2001,86,11,3,G. W. Bush
12/6/2001,12/9/2001,86,10,4,G. W. Bush
11/26/2001,11/27/2001,87,8,5,G. W. Bush
11/8/2001,11/11/2001,87,9,4,G. W. Bush
11/2/2001,11/4/2001,87,9,4,G. W. Bush
10/19/2001,10/21/2001,88,9,3,G. W. Bush
10/11/2001,10/14/2001,89,8,3,G. W. Bush
10/5/2001,10/6/2001,87,10,3,G. W. Bush
9/21/2001,9/22/2001,90,6,4,G. W. Bush
9/14/2001,9/15/2001,86,10,4,G. W. Bush
9/7/2001,9/10/2001,51,39,10,G. W. Bush
8/24/2001,8/26/2001,55,36,9,G. W. Bush
8/16/2001,8/19/2001,57,34,9,G. W. Bush
8/10/2001,8/12/2001,57,35,8,G. W. Bush
8/3/2001,8/5/2001,55,35,10,G. W. Bush
7/19/2001,7/22/2001,56,33,11,G. W. Bush
7/10/2001,7/11/2001,57,35,8,G. W. Bush
6/28/2001,7/1/2001,52,34,14,G. W. Bush
6/11/2001,6/17/2001,55,33,12,G. W. Bush
6/8/2001,6/10/2001,55,35,10,G. W. Bush
5/18/2001,5/20/2001,56,36,8,G. W. Bush
5/10/2001,5/14/2001,56,31,13,G. W. Bush
5/7/2001,5/9/2001,53,33,14,G. W. Bush
4/20/2001,4/22/2001,62,29,9,G. W. Bush
4/6/2001,4/8/2001,59,30,11,G. W. Bush
3/26/2001,3/28/2001,53,29,18,G. W. Bush
3/9/2001,3/11/2001,58,29,13,G. W. Bush
3/5/2001,3/7/2001,63,22,15,G. W. Bush
2/19/2001,2/21/2001,62,21,17,G. W. Bush
2/9/2001,2/11/2001,57,25,18,G. W. Bush
2/1/2001,2/4/2001,57,25,18,G. W. Bush
1/10/2001,1/14/2001,66,29,5,Clinton
1/5/2001,1/7/2001,65,31,4,Clinton
12/15/2000,12/17/2000,66,32,2,Clinton
12/2/2000,12/4/2000,60,35,5,Clinton
11/13/2000,11/15/2000,63,33,4,Clinton
10/25/2000,10/28/2000,57,38,5,Clinton
10/6/2000,10/9/2000,58,37,5,Clinton
9/11/2000,9/13/2000,60,34,6,Clinton
8/29/2000,9/3/2000,62,35,3,Clinton
8/18/2000,8/19/2000,62,35,3,Clinton
8/11/2000,8/12/2000,58,39,3,Clinton
8/4/2000,8/5/2000,57,40,3,Clinton
7/25/2000,7/26/2000,57,39,4,Clinton
7/14/2000,7/16/2000,59,37,4,Clinton
7/6/2000,7/9/2000,59,36,5,Clinton
6/22/2000,6/25/2000,55,40,5,Clinton
6/6/2000,6/7/2000,60,36,4,Clinton
5/18/2000,5/21/2000,57,37,6,Clinton
5/4/2000,5/7/2000,57,36,7,Clinton
4/28/2000,4/30/2000,59,39,2,Clinton
3/30/2000,4/2/2000,62,34,4,Clinton
3/17/2000,3/19/2000,56,39,5,Clinton
3/10/2000,3/12/2000,63,34,3,Clinton
2/25/2000,2/27/2000,57,39,4,Clinton
2/14/2000,2/15/2000,62,34,4,Clinton
2/4/2000,2/6/2000,63,33,4,Clinton
1/25/2000,1/26/2000,64,32,4,Clinton
1/17/2000,1/20/2000,62,35,3,Clinton
1/13/2000,1/16/2000,59,37,4,Clinton
1/7/2000,1/10/2000,63,35,2,Clinton
12/20/1999,12/21/1999,57,36,7,Clinton
12/9/1999,12/12/1999,56,41,3,Clinton
11/18/1999,11/21/1999,59,36,5,Clinton
11/4/1999,11/7/1999,58,38,4,Clinton
10/21/1999,10/24/1999,59,36,5,Clinton
10/8/1999,10/10/1999,56,39,5,Clinton
9/23/1999,9/26/1999,59,38,3,Clinton
9/10/1999,9/14/1999,60,38,2,Clinton
8/24/1999,8/26/1999,60,35,5,Clinton
8/16/1999,8/18/1999,59,36,5,Clinton
8/3/1999,8/4/1999,60,35,5,Clinton
7/22/1999,7/25/1999,64,31,5,Clinton
7/16/1999,7/18/1999,58,38,4,Clinton
7/13/1999,7/14/1999,59,37,4,Clinton
6/25/1999,6/27/1999,57,41,2,Clinton
6/11/1999,6/13/1999,60,37,3,Clinton
6/4/1999,6/5/1999,60,35,5,Clinton
5/23/1999,5/24/1999,53,42,5,Clinton
5/7/1999,5/9/1999,60,35,5,Clinton
4/30/1999,5/2/1999,60,36,4,Clinton
4/26/1999,4/27/1999,60,35,5,Clinton
4/13/1999,4/14/1999,60,36,4,Clinton
4/6/1999,4/7/1999,59,35,6,Clinton
3/30/1999,3/31/1999,64,32,4,Clinton
3/19/1999,3/21/1999,64,33,3,Clinton
3/12/1999,3/14/1999,62,35,3,Clinton
3/5/1999,3/7/1999,68,28,4,Clinton
2/26/1999,2/28/1999,66,31,3,Clinton
2/19/1999,2/21/1999,66,30,4,Clinton
2/12/1999,2/13/1999,68,30,2,Clinton
2/4/1999,2/8/1999,65,33,2,Clinton
1/22/1999,1/24/1999,69,29,2,Clinton
1/15/1999,1/17/1999,69,29,2,Clinton
1/8/1999,1/10/1999,67,30,3,Clinton
12/19/1998,12/20/1998,73,25,2,Clinton
12/15/1998,12/16/1998,63,33,4,Clinton
12/12/1998,12/13/1998,64,34,2,Clinton
12/4/1998,12/6/1998,66,30,4,Clinton
11/20/1998,11/22/1998,66,30,4,Clinton
11/13/1998,11/15/1998,66,31,3,Clinton
10/29/1998,11/1/1998,66,30,4,Clinton
10/23/1998,10/25/1998,65,32,3,Clinton
10/9/1998,10/12/1998,65,32,3,Clinton
10/6/1998,10/7/1998,63,34,3,Clinton
9/23/1998,9/24/1998,66,31,3,Clinton
9/14/1998,9/15/1998,63,35,2,Clinton
9/11/1998,9/12/1998,63,34,3,Clinton
8/21/1998,8/23/1998,62,35,3,Clinton
8/10/1998,8/12/1998,65,30,5,Clinton
8/7/1998,8/8/1998,64,32,4,Clinton
7/13/1998,7/14/1998,63,31,6,Clinton
7/7/1998,7/8/1998,61,34,5,Clinton
6/22/1998,6/23/1998,60,34,6,Clinton
6/5/1998,6/7/1998,60,34,6,Clinton
5/8/1998,5/10/1998,64,31,5,Clinton
4/17/1998,4/19/1998,63,31,6,Clinton
3/20/1998,3/22/1998,66,28,6,Clinton
3/6/1998,3/9/1998,63,31,6,Clinton
2/20/1998,2/22/1998,66,29,5,Clinton
2/13/1998,2/15/1998,66,30,4,Clinton
1/30/1998,2/1/1998,69,28,3,Clinton
1/25/1998,1/26/1998,59,37,4,Clinton
1/23/1998,1/24/1998,58,36,6,Clinton
1/16/1998,1/18/1998,60,30,10,Clinton
1/6/1998,1/7/1998,59,32,9,Clinton
12/18/1997,12/21/1997,56,36,8,Clinton
11/21/1997,11/23/1997,61,30,9,Clinton
11/6/1997,11/9/1997,59,31,10,Clinton
10/27/1997,10/29/1997,59,32,9,Clinton
10/3/1997,10/5/1997,55,36,9,Clinton
9/25/1997,9/28/1997,58,33,9,Clinton
9/6/1997,9/7/1997,61,28,11,Clinton
8/22/1997,8/25/1997,60,34,6,Clinton
8/12/1997,8/13/1997,61,32,7,Clinton
7/25/1997,7/27/1997,58,34,8,Clinton
6/26/1997,6/29/1997,55,36,9,Clinton
5/30/1997,6/1/1997,57,35,8,Clinton
5/6/1997,5/7/1997,57,35,8,Clinton
4/18/1997,4/20/1997,54,37,9,Clinton
3/24/1997,3/26/1997,59,35,6,Clinton
2/24/1997,2/26/1997,57,33,10,Clinton
1/30/1997,2/2/1997,60,31,9,Clinton
1/10/1997,1/13/1997,62,31,7,Clinton
1/3/1997,1/5/1997,58,35,7,Clinton
12/9/1996,12/11/1996,58,34,8,Clinton
11/21/1996,11/24/1996,58,35,7,Clinton
10/26/1996,10/29/1996,54,36,10,Clinton
10/2/1996,10/3/1996,57,36,7,Clinton
10/1/1996,10/2/1996,58,34,8,Clinton
9/7/1996,9/9/1996,60,31,9,Clinton
8/30/1996,9/1/1996,60,33,7,Clinton
8/23/1996,8/25/1996,53,39,8,Clinton
8/16/1996,8/18/1996,52,39,9,Clinton
8/5/1996,8/7/1996,57,36,7,Clinton
7/25/1996,7/28/1996,58,35,7,Clinton
7/18/1996,7/21/1996,57,35,8,Clinton
6/27/1996,6/30/1996,52,42,6,Clinton
6/18/1996,6/19/1996,58,37,5,Clinton
5/28/1996,5/29/1996,53,38,9,Clinton
5/9/1996,5/12/1996,55,39,6,Clinton
4/25/1996,4/28/1996,56,37,7,Clinton
4/9/1996,4/10/1996,54,40,6,Clinton
3/15/1996,3/17/1996,52,39,9,Clinton
3/8/1996,3/10/1996,54,37,9,Clinton
2/23/1996,2/25/1996,53,40,7,Clinton
1/26/1996,1/29/1996,52,42,6,Clinton
1/12/1996,1/15/1996,46,47,7,Clinton
1/5/1996,1/7/1996,42,49,9,Clinton
12/15/1995,12/18/1995,51,44,5,Clinton
11/17/1995,11/18/1995,53,38,9,Clinton
11/6/1995,11/8/1995,52,41,7,Clinton
10/19/1995,10/22/1995,49,40,11,Clinton
10/5/1995,10/7/1995,46,42,12,Clinton
9/22/1995,9/24/1995,48,44,8,Clinton
9/14/1995,9/17/1995,44,44,12,Clinton
8/28/1995,8/30/1995,46,43,11,Clinton
8/11/1995,8/14/1995,46,44,10,Clinton
8/4/1995,8/7/1995,46,42,12,Clinton
7/20/1995,7/23/1995,46,44,10,Clinton
7/7/1995,7/9/1995,48,42,10,Clinton
6/5/1995,6/6/1995,47,42,11,Clinton
5/11/1995,5/14/1995,51,42,7,Clinton
4/21/1995,4/24/1995,51,39,10,Clinton
4/17/1995,4/19/1995,46,45,9,Clinton
4/5/1995,4/6/1995,47,45,8,Clinton
3/27/1995,3/29/1995,44,47,9,Clinton
3/17/1995,3/19/1995,46,45,9,Clinton
2/24/1995,2/26/1995,42,48,10,Clinton
2/3/1995,2/5/1995,49,44,7,Clinton
1/16/1995,1/18/1995,47,45,8,Clinton
12/28/1994,12/30/1994,40,52,8,Clinton
12/16/1994,12/18/1994,42,53,5,Clinton
12/2/1994,12/5/1994,42,50,8,Clinton
11/28/1994,11/29/1994,43,49,8,Clinton
11/2/1994,11/6/1994,46,46,8,Clinton
10/22/1994,10/25/1994,48,46,6,Clinton
10/18/1994,10/19/1994,41,52,7,Clinton
10/7/1994,10/9/1994,42,52,6,Clinton
9/23/1994,9/25/1994,43,51,6,Clinton
9/16/1994,9/18/1994,42,50,8,Clinton
9/6/1994,9/7/1994,39,54,7,Clinton
8/15/1994,8/16/1994,39,52,9,Clinton
8/8/1994,8/9/1994,43,48,9,Clinton
7/15/1994,7/17/1994,42,49,9,Clinton
7/1/1994,7/3/1994,43,48,9,Clinton
6/25/1994,6/28/1994,44,47,9,Clinton
6/11/1994,6/12/1994,49,44,7,Clinton
6/3/1994,6/6/1994,46,47,7,Clinton
5/20/1994,5/22/1994,51,42,7,Clinton
4/22/1994,4/24/1994,48,44,8,Clinton
4/16/1994,4/18/1994,51,41,8,Clinton
3/28/1994,3/30/1994,51,42,7,Clinton
3/25/1994,3/27/1994,52,41,7,Clinton
3/11/1994,3/13/1994,50,41,9,Clinton
3/7/1994,3/8/1994,50,42,8,Clinton
2/26/1994,2/28/1994,53,41,6,Clinton
1/28/1994,1/30/1994,58,35,7,Clinton
1/15/1994,1/17/1994,54,38,8,Clinton
1/6/1994,1/8/1994,54,38,8,Clinton
12/17/1993,12/19/1993,54,40,6,Clinton
12/4/1993,12/6/1993,52,38,10,Clinton
11/19/1993,11/21/1993,48,43,9,Clinton
11/15/1993,11/16/1993,50,43,7,Clinton
11/2/1993,11/4/1993,48,45,7,Clinton
10/28/1993,10/30/1993,48,45,7,Clinton
10/13/1993,10/18/1993,47,44,9,Clinton
10/8/1993,10/10/1993,50,42,8,Clinton
9/24/1993,9/26/1993,56,36,8,Clinton
9/13/1993,9/15/1993,46,43,11,Clinton
9/10/1993,9/12/1993,47,42,11,Clinton
8/23/1993,8/25/1993,44,47,9,Clinton
8/8/1993,8/10/1993,44,48,8,Clinton
7/19/1993,7/21/1993,41,49,10,Clinton
7/9/1993,7/11/1993,45,48,7,Clinton
6/29/1993,6/30/1993,46,47,7,Clinton
6/18/1993,6/21/1993,39,50,11,Clinton
6/5/1993,6/6/1993,37,49,14,Clinton
5/21/1993,5/23/1993,44,46,10,Clinton
5/10/1993,5/12/1993,45,44,11,Clinton
4/22/1993,4/24/1993,55,37,8,Clinton
3/29/1993,3/31/1993,52,37,11,Clinton
3/12/1993,3/14/1993,53,34,13,Clinton
2/26/1993,2/28/1993,59,29,12,Clinton
2/12/1993,2/14/1993,51,34,15,Clinton
1/29/1993,1/31/1993,54,30,16,Clinton
1/24/1993,1/26/1993,58,20,22,Clinton
1/8/1993,1/11/1993,56,37,7,G. H. W. Bush
12/18/1992,12/20/1992,49,41,10,G. H. W. Bush
12/4/1992,12/6/1992,49,47,4,G. H. W. Bush
11/20/1992,11/22/1992,43,46,11,G. H. W. Bush
10/13/1992,10/15/1992,34,56,10,G. H. W. Bush
10/1/1992,10/3/1992,33,58,9,G. H. W. Bush
9/17/1992,9/20/1992,36,54,10,G. H. W. Bush
9/11/1992,9/15/1992,39,55,6,G. H. W. Bush
8/31/1992,9/2/1992,39,54,7,G. H. W. Bush
8/21/1992,8/22/1992,40,54,6,G. H. W. Bush
8/10/1992,8/12/1992,35,58,7,G. H. W. Bush
7/31/1992,8/2/1992,29,60,11,G. H. W. Bush
7/24/1992,7/26/1992,32,59,9,G. H. W. Bush
6/26/1992,6/30/1992,38,55,7,G. H. W. Bush
6/12/1992,6/14/1992,37,55,8,G. H. W. Bush
6/4/1992,6/7/1992,37,56,7,G. H. W. Bush
5/18/1992,5/20/1992,41,52,7,G. H. W. Bush
5/7/1992,5/10/1992,40,53,7,G. H. W. Bush
4/20/1992,4/22/1992,42,48,10,G. H. W. Bush
4/9/1992,4/12/1992,39,54,7,G. H. W. Bush
3/26/1992,3/29/1992,42,51,7,G. H. W. Bush
3/20/1992,3/22/1992,41,49,10,G. H. W. Bush
3/11/1992,3/12/1992,41,47,12,G. H. W. Bush
2/28/1992,3/1/1992,41,53,6,G. H. W. Bush
2/19/1992,2/20/1992,39,47,14,G. H. W. Bush
2/6/1992,2/9/1992,44,48,8,G. H. W. Bush
1/31/1992,2/2/1992,47,48,5,G. H. W. Bush
1/16/1992,1/19/1992,46,48,6,G. H. W. Bush
1/3/1992,1/6/1992,46,47,7,G. H. W. Bush
12/12/1991,12/15/1991,50,41,9,G. H. W. Bush
12/5/1991,12/8/1991,52,42,6,G. H. W. Bush
11/21/1991,11/24/1991,52,39,9,G. H. W. Bush
11/14/1991,11/17/1991,56,36,8,G. H. W. Bush
11/7/1991,11/10/1991,56,36,8,G. H. W. Bush
10/31/1991,11/3/1991,59,33,8,G. H. W. Bush
10/24/1991,10/27/1991,62,29,9,G. H. W. Bush
10/17/1991,10/20/1991,66,26,8,G. H. W. Bush
10/10/1991,10/13/1991,66,28,6,G. H. W. Bush
10/3/1991,10/6/1991,65,27,8,G. H. W. Bush
9/26/1991,9/29/1991,66,25,9,G. H. W. Bush
9/13/1991,9/15/1991,68,22,10,G. H. W. Bush
9/5/1991,9/8/1991,70,21,9,G. H. W. Bush
8/29/1991,9/3/1991,69,22,9,G. H. W. Bush
8/23/1991,8/25/1991,74,19,7,G. H. W. Bush
8/8/1991,8/11/1991,71,22,7,G. H. W. Bush
7/25/1991,7/28/1991,71,21,8,G. H. W. Bush
7/18/1991,7/21/1991,70,21,9,G. H. W. Bush
7/11/1991,7/14/1991,72,21,7,G. H. W. Bush
6/27/1991,6/30/1991,72,23,5,G. H. W. Bush
6/13/1991,6/16/1991,71,19,10,G. H. W. Bush
5/30/1991,6/2/1991,74,17,9,G. H. W. Bush
5/23/1991,5/26/1991,76,16,8,G. H. W. Bush
5/16/1991,5/19/1991,77,15,8,G. H. W. Bush
5/2/1991,5/5/1991,74,19,7,G. H. W. Bush
4/25/1991,4/28/1991,76,15,9,G. H. W. Bush
4/11/1991,4/14/1991,77,13,10,G. H. W. Bush
4/4/1991,4/6/1991,83,12,5,G. H. W. Bush
3/28/1991,3/30/1991,82,11,7,G. H. W. Bush
3/21/1991,3/24/1991,84,10,6,G. H. W. Bush
3/14/1991,3/17/1991,86,9,5,G. H. W. Bush
3/7/1991,3/10/1991,87,8,5,G. H. W. Bush
2/28/1991,3/3/1991,89,8,3,G. H. W. Bush
2/21/1991,2/24/1991,80,13,7,G. H. W. Bush
2/14/1991,2/17/1991,80,14,6,G. H. W. Bush
2/7/1991,2/10/1991,79,18,3,G. H. W. Bush
1/30/1991,2/2/1991,82,15,3,G. H. W. Bush
1/23/1991,1/26/1991,83,13,4,G. H. W. Bush
1/19/1991,1/22/1991,80,14,6,G. H. W. Bush
1/17/1991,1/20/1991,82,12,6,G. H. W. Bush
1/11/1991,1/13/1991,64,25,11,G. H. W. Bush
1/3/1991,1/6/1991,58,31,11,G. H. W. Bush
12/13/1990,12/16/1990,63,30,7,G. H. W. Bush
12/6/1990,12/9/1990,58,33,9,G. H. W. Bush
11/29/1990,12/2/1990,61,29,10,G. H. W. Bush
11/15/1990,11/18/1990,54,33,13,G. H. W. Bush
11/8/1990,11/11/1990,58,34,8,G. H. W. Bush
11/1/1990,11/4/1990,58,32,10,G. H. W. Bush
10/25/1990,10/28/1990,54,36,10,G. H. W. Bush
10/18/1990,10/21/1990,53,37,10,G. H. W. Bush
10/11/1990,10/14/1990,56,33,11,G. H. W. Bush
10/3/1990,10/4/1990,66,25,9,G. H. W. Bush
9/27/1990,9/30/1990,67,20,13,G. H. W. Bush
9/14/1990,9/16/1990,73,17,10,G. H. W. Bush
9/10/1990,9/11/1990,76,16,8,G. H. W. Bush
8/30/1990,9/2/1990,74,17,9,G. H. W. Bush
8/23/1990,8/26/1990,76,16,8,G. H. W. Bush
8/16/1990,8/19/1990,75,16,9,G. H. W. Bush
8/9/1990,8/12/1990,74,16,10,G. H. W. Bush
7/19/1990,7/22/1990,60,25,15,G. H. W. Bush
7/6/1990,7/8/1990,63,24,13,G. H. W. Bush
6/15/1990,6/17/1990,69,17,14,G. H. W. Bush
6/7/1990,6/10/1990,67,18,15,G. H. W. Bush
5/17/1990,5/20/1990,65,20,15,G. H. W. Bush
4/19/1990,4/22/1990,67,17,16,G. H. W. Bush
4/5/1990,4/8/1990,68,16,16,G. H. W. Bush
3/15/1990,3/18/1990,74,15,11,G. H. W. Bush
3/8/1990,3/11/1990,68,18,14,G. H. W. Bush
2/15/1990,2/18/1990,73,16,11,G. H. W. Bush
2/8/1990,2/11/1990,73,16,11,G. H. W. Bush
1/4/1990,1/7/1990,80,11,9,G. H. W. Bush
12/7/1989,12/10/1989,71,20,9,G. H. W. Bush
11/2/1989,11/5/1989,70,17,13,G. H. W. Bush
10/5/1989,10/8/1989,68,20,12,G. H. W. Bush
9/7/1989,9/10/1989,70,17,13,G. H. W. Bush
8/10/1989,8/13/1989,69,19,12,G. H. W. Bush
7/6/1989,7/9/1989,66,19,15,G. H. W. Bush
6/8/1989,6/11/1989,70,14,16,G. H. W. Bush
5/15/1989,5/18/1989,63,18,19,G. H. W. Bush
5/4/1989,5/7/1989,56,22,22,G. H. W. Bush
4/10/1989,4/16/1989,58,16,26,G. H. W. Bush
3/10/1989,3/13/1989,56,16,28,G. H. W. Bush
2/28/1989,3/2/1989,63,13,24,G. H. W. Bush
1/24/1989,1/26/1989,51,6,43,G. H. W. Bush
12/27/1988,12/29/1988,63,29,8,Reagan
11/11/1988,11/14/1988,57,35,8,Reagan
10/21/1988,10/24/1988,51,38,11,Reagan
9/25/1988,10/1/1988,54,37,9,Reagan
8/19/1988,8/22/1988,53,37,10,Reagan
7/15/1988,7/18/1988,54,36,10,Reagan
7/1/1988,7/7/1988,51,35,14,Reagan
6/24/1988,6/27/1988,48,40,12,Reagan
6/10/1988,6/13/1988,51,39,10,Reagan
5/13/1988,5/22/1988,48,43,9,Reagan
5/2/1988,5/8/1988,50,38,12,Reagan
4/8/1988,4/11/1988,50,39,11,Reagan
3/8/1988,3/12/1988,51,37,12,Reagan
3/4/1988,3/6/1988,50,42,8,Reagan
1/22/1988,1/25/1988,49,40,11,Reagan
12/4/1987,12/7/1987,49,41,10,Reagan
10/23/1987,10/26/1987,51,41,8,Reagan
8/24/1987,9/2/1987,49,42,9,Reagan
8/7/1987,8/10/1987,45,41,14,Reagan
7/10/1987,7/13/1987,49,43,8,Reagan
6/8/1987,6/14/1987,53,40,7,Reagan
6/5/1987,6/8/1987,47,44,9,Reagan
4/10/1987,4/13/1987,48,43,9,Reagan
3/14/1987,3/18/1987,47,44,9,Reagan
3/6/1987,3/9/1987,43,46,11,Reagan
1/16/1987,1/19/1987,48,43,9,Reagan
12/5/1986,12/8/1986,48,43,9,Reagan
12/4/1986,12/5/1986,47,44,9,Reagan
10/24/1986,10/27/1986,63,29,8,Reagan
9/13/1986,9/17/1986,63,26,11,Reagan
9/12/1986,9/15/1986,61,25,14,Reagan
8/8/1986,8/11/1986,61,27,12,Reagan
7/11/1986,7/14/1986,63,28,9,Reagan
6/9/1986,6/16/1986,64,26,10,Reagan
6/6/1986,6/9/1986,61,29,10,Reagan
5/16/1986,5/19/1986,68,23,9,Reagan
4/11/1986,4/14/1986,62,29,9,Reagan
3/4/1986,3/10/1986,63,26,11,Reagan
1/10/1986,1/13/1986,64,27,9,Reagan
12/6/1985,12/9/1985,63,29,8,Reagan
11/11/1985,11/18/1985,65,24,11,Reagan
11/1/1985,11/4/1985,62,28,10,Reagan
10/11/1985,10/14/1985,63,29,8,Reagan
9/13/1985,9/16/1985,60,30,10,Reagan
8/16/1985,8/19/1985,57,32,11,Reagan
8/13/1985,8/15/1985,65,26,9,Reagan
7/12/1985,7/15/1985,63,28,9,Reagan
6/7/1985,6/10/1985,58,32,10,Reagan
5/17/1985,5/20/1985,55,37,8,Reagan
4/12/1985,4/15/1985,52,37,11,Reagan
3/8/1985,3/11/1985,56,37,7,Reagan
2/15/1985,2/18/1985,60,31,9,Reagan
1/25/1985,1/28/1985,64,28,8,Reagan
1/11/1985,1/14/1985,62,29,9,Reagan
12/7/1984,12/10/1984,59,32,9,Reagan
11/30/1984,12/3/1984,62,30,8,Reagan
11/9/1984,11/12/1984,61,31,8,Reagan
10/26/1984,10/29/1984,58,33,9,Reagan
9/28/1984,10/1/1984,54,35,11,Reagan
9/21/1984,9/24/1984,57,36,7,Reagan
9/7/1984,9/10/1984,57,36,7,Reagan
8/10/1984,8/13/1984,54,38,8,Reagan
7/27/1984,7/30/1984,52,37,11,Reagan
7/13/1984,7/16/1984,55,35,10,Reagan
7/6/1984,7/9/1984,54,35,11,Reagan
6/29/1984,7/2/1984,53,37,10,Reagan
6/22/1984,6/25/1984,54,36,10,Reagan
6/6/1984,6/8/1984,55,33,12,Reagan
5/18/1984,5/21/1984,54,38,8,Reagan
5/3/1984,5/5/1984,52,37,11,Reagan
4/6/1984,4/9/1984,54,36,10,Reagan
3/16/1984,3/19/1984,54,39,7,Reagan
2/10/1984,2/13/1984,55,36,9,Reagan
1/27/1984,1/30/1984,55,37,8,Reagan
1/13/1984,1/16/1984,52,38,10,Reagan
12/9/1983,12/12/1983,54,38,8,Reagan
11/18/1983,11/21/1983,53,37,10,Reagan
10/21/1983,10/24/1983,49,41,10,Reagan
10/7/1983,10/10/1983,45,44,11,Reagan
9/16/1983,9/19/1983,47,43,10,Reagan
9/9/1983,9/12/1983,47,42,11,Reagan
8/19/1983,8/22/1983,43,46,11,Reagan
8/12/1983,8/15/1983,43,45,12,Reagan
8/5/1983,8/8/1983,44,46,10,Reagan
7/29/1983,8/1/1983,44,42,14,Reagan
7/22/1983,7/25/1983,42,47,11,Reagan
6/24/1983,6/27/1983,47,44,9,Reagan
6/10/1983,6/13/1983,43,45,12,Reagan
5/20/1983,5/23/1983,46,43,11,Reagan
5/13/1983,5/16/1983,43,45,12,Reagan
4/29/1983,5/2/1983,43,46,11,Reagan
4/15/1983,4/18/1983,41,49,10,Reagan
3/11/1983,3/14/1983,41,49,10,Reagan
2/25/1983,2/28/1983,40,50,10,Reagan
1/28/1983,1/31/1983,35,56,9,Reagan
1/21/1983,1/24/1983,37,53,10,Reagan
1/14/1983,1/17/1983,37,54,9,Reagan
12/10/1982,12/13/1982,41,50,9,Reagan
11/19/1982,11/22/1982,43,47,10,Reagan
11/5/1982,11/8/1982,43,47,10,Reagan
10/15/1982,10/18/1982,42,48,10,Reagan
9/17/1982,9/20/1982,42,48,10,Reagan
8/27/1982,8/30/1982,42,46,12,Reagan
8/13/1982,8/16/1982,41,49,10,Reagan
7/30/1982,8/2/1982,41,47,12,Reagan
7/23/1982,7/26/1982,42,46,12,Reagan
6/25/1982,6/28/1982,44,46,10,Reagan
6/11/1982,6/14/1982,45,45,10,Reagan
5/14/1982,5/17/1982,45,44,11,Reagan
4/30/1982,5/3/1982,44,46,10,Reagan
4/23/1982,4/26/1982,43,47,10,Reagan
4/2/1982,4/5/1982,45,46,9,Reagan
3/12/1982,3/15/1982,46,45,9,Reagan
2/5/1982,2/8/1982,47,43,10,Reagan
1/22/1982,1/25/1982,47,42,11,Reagan
1/8/1982,1/11/1982,49,40,11,Reagan
12/11/1981,12/14/1981,49,41,10,Reagan
11/20/1981,11/23/1981,54,37,9,Reagan
11/13/1981,11/16/1981,49,40,11,Reagan
10/30/1981,11/2/1981,53,35,12,Reagan
10/2/1981,10/5/1981,56,35,9,Reagan
9/18/1981,9/21/1981,52,37,11,Reagan
8/14/1981,8/17/1981,60,29,11,Reagan
7/31/1981,8/3/1981,60,28,12,Reagan
7/24/1981,7/27/1981,56,30,14,Reagan
7/17/1981,7/20/1981,60,29,11,Reagan
6/26/1981,6/29/1981,58,30,12,Reagan
6/19/1981,6/22/1981,59,29,12,Reagan
6/5/1981,6/8/1981,59,28,13,Reagan
5/8/1981,5/11/1981,68,21,11,Reagan
4/10/1981,4/13/1981,67,19,14,Reagan
4/3/1981,4/6/1981,67,18,15,Reagan
3/13/1981,3/16/1981,60,24,16,Reagan
2/13/1981,2/16/1981,55,18,27,Reagan
1/30/1981,2/2/1981,51,13,36,Reagan
12/5/1980,12/8/1980,34,55,11,Carter
11/21/1980,11/24/1980,31,56,13,Carter
9/12/1980,9/15/1980,37,55,8,Carter
8/15/1980,8/18/1980,32,55,13,Carter
7/11/1980,7/14/1980,33,55,12,Carter
6/27/1980,6/30/1980,31,58,11,Carter
6/13/1980,6/16/1980,32,56,12,Carter
5/30/1980,6/2/1980,38,52,10,Carter
5/16/1980,5/19/1980,38,51,11,Carter
5/2/1980,5/5/1980,43,47,10,Carter
4/11/1980,4/14/1980,39,50,11,Carter
3/27/1980,3/30/1980,39,51,10,Carter
3/7/1980,3/10/1980,43,45,12,Carter
2/29/1980,3/3/1980,52,38,10,Carter
2/1/1980,2/4/1980,55,36,9,Carter
1/25/1980,1/28/1980,58,32,10,Carter
1/5/1980,1/8/1980,56,33,11,Carter
12/7/1979,12/10/1979,54,35,11,Carter
11/30/1979,12/3/1979,51,37,12,Carter
11/16/1979,11/19/1979,38,49,13,Carter
11/2/1979,11/5/1979,32,55,13,Carter
10/12/1979,10/15/1979,31,55,14,Carter
10/5/1979,10/8/1979,29,58,13,Carter
9/28/1979,10/1/1979,33,54,13,Carter
9/7/1979,9/10/1979,30,55,15,Carter
8/17/1979,8/20/1979,32,54,14,Carter
8/10/1979,8/13/1979,33,55,12,Carter
8/3/1979,8/6/1979,32,53,15,Carter
7/13/1979,7/16/1979,29,58,13,Carter
6/29/1979,7/2/1979,28,59,13,Carter
6/22/1979,6/25/1979,29,57,14,Carter
6/1/1979,6/4/1979,29,56,15,Carter
5/18/1979,5/21/1979,32,53,15,Carter
5/4/1979,5/7/1979,37,49,14,Carter
4/6/1979,4/9/1979,40,46,14,Carter
3/23/1979,3/31/1979,42,44,14,Carter
3/16/1979,3/19/1979,47,39,14,Carter
3/2/1979,3/5/1979,39,48,13,Carter
2/23/1979,2/26/1979,37,46,17,Carter
2/2/1979,2/5/1979,42,42,16,Carter
1/19/1979,1/22/1979,43,41,16,Carter
1/5/1979,1/8/1979,50,36,14,Carter
12/8/1978,12/11/1978,51,34,15,Carter
12/1/1978,12/4/1978,50,34,16,Carter
11/10/1978,11/13/1978,52,36,12,Carter
10/27/1978,10/30/1978,49,36,15,Carter
9/22/1978,9/25/1978,48,34,18,Carter
9/15/1978,9/18/1978,45,40,15,Carter
9/8/1978,9/11/1978,42,42,16,Carter
8/18/1978,8/21/1978,43,41,16,Carter
8/11/1978,8/14/1978,40,43,17,Carter
8/4/1978,8/7/1978,39,44,17,Carter
7/21/1978,7/24/1978,39,44,17,Carter
7/8/1978,7/10/1978,40,41,19,Carter
6/16/1978,6/19/1978,42,42,16,Carter
6/2/1978,6/5/1978,44,41,15,Carter
5/19/1978,5/22/1978,43,43,14,Carter
5/5/1978,5/8/1978,41,43,16,Carter
4/28/1978,5/1/1978,41,42,17,Carter
4/14/1978,4/17/1978,40,44,16,Carter
3/31/1978,4/3/1978,48,39,13,Carter
3/10/1978,3/13/1978,50,35,15,Carter
3/2/1978,3/5/1978,49,33,18,Carter
2/24/1978,2/27/1978,50,33,17,Carter
2/11/1978,2/14/1978,47,34,19,Carter
1/20/1978,1/23/1978,52,28,20,Carter
1/6/1978,1/9/1978,55,27,18,Carter
12/9/1977,12/12/1977,57,27,16,Carter
11/18/1977,11/21/1977,56,30,14,Carter
11/4/1977,11/7/1977,55,30,15,Carter
10/28/1977,10/31/1977,51,31,18,Carter
10/21/1977,10/24/1977,54,30,16,Carter
10/14/1977,10/17/1977,55,29,16,Carter
9/30/1977,10/3/1977,59,24,17,Carter
9/9/1977,9/12/1977,54,29,17,Carter
8/19/1977,8/22/1977,66,16,18,Carter
8/5/1977,8/8/1977,60,23,17,Carter
7/22/1977,7/25/1977,67,17,16,Carter
7/8/1977,7/11/1977,62,22,16,Carter
6/17/1977,6/20/1977,63,18,19,Carter
6/3/1977,6/6/1977,63,19,18,Carter
5/20/1977,5/23/1977,64,19,17,Carter
5/6/1977,5/9/1977,66,19,15,Carter
4/29/1977,5/2/1977,63,18,19,Carter
4/15/1977,4/18/1977,63,18,19,Carter
4/1/1977,4/4/1977,67,14,19,Carter
3/25/1977,3/28/1977,72,10,18,Carter
3/18/1977,3/21/1977,75,9,16,Carter
3/4/1977,3/7/1977,70,9,21,Carter
2/18/1977,2/21/1977,71,9,20,Carter
2/4/1977,2/7/1977,66,8,26,Carter
12/10/1976,12/13/1976,53,32,15,Ford
6/11/1976,6/14/1976,45,40,15,Ford
5/20/1976,5/23/1976,47,38,15,Ford
4/9/1976,4/12/1976,48,41,11,Ford
3/19/1976,3/22/1976,50,36,14,Ford
2/27/1976,3/1/1976,48,38,14,Ford
1/30/1976,2/2/1976,46,40,14,Ford
1/23/1976,1/26/1976,45,45,10,Ford
1/2/1976,1/5/1976,46,42,12,Ford
12/12/1975,12/15/1975,39,46,15,Ford
12/5/1975,12/8/1975,46,37,17,Ford
11/21/1975,11/24/1975,41,46,13,Ford
10/31/1975,11/3/1975,44,44,12,Ford
10/17/1975,10/20/1975,47,40,13,Ford
10/3/1975,10/6/1975,47,37,16,Ford
9/12/1975,9/15/1975,45,38,17,Ford
8/15/1975,8/18/1975,46,37,17,Ford
8/1/1975,8/4/1975,45,37,18,Ford
6/27/1975,6/30/1975,52,33,15,Ford
5/30/1975,6/2/1975,51,33,16,Ford
5/2/1975,5/5/1975,40,43,17,Ford
4/18/1975,4/21/1975,39,46,15,Ford
4/4/1975,4/7/1975,44,37,19,Ford
3/28/1975,3/31/1975,37,43,20,Ford
3/7/1975,3/10/1975,38,45,17,Ford
2/28/1975,3/2/1975,39,45,16,Ford
1/28/1975,2/3/1975,39,43,18,Ford
1/10/1975,1/13/1975,37,39,24,Ford
12/6/1974,12/9/1974,42,41,17,Ford
11/15/1974,11/18/1974,48,32,20,Ford
11/8/1974,11/11/1974,47,33,20,Ford
10/18/1974,10/21/1974,54,28,18,Ford
10/11/1974,10/14/1974,52,29,19,Ford
9/27/1974,9/30/1974,50,28,22,Ford
9/6/1974,9/9/1974,66,13,21,Ford
8/16/1974,8/19/1974,71,3,26,Ford
8/2/1974,8/5/1974,24,66,10,Nixon
7/12/1974,7/15/1974,24,63,13,Nixon
6/28/1974,7/1/1974,28,58,14,Nixon
6/21/1974,6/24/1974,26,61,13,Nixon
5/31/1974,6/3/1974,28,61,11,Nixon
5/17/1974,5/20/1974,26,61,13,Nixon
5/10/1974,5/13/1974,25,61,14,Nixon
5/3/1974,5/6/1974,25,58,17,Nixon
4/19/1974,4/22/1974,26,60,14,Nixon
4/12/1974,4/15/1974,25,62,13,Nixon
3/29/1974,4/1/1974,26,65,9,Nixon
3/8/1974,3/11/1974,26,62,12,Nixon
2/22/1974,2/25/1974,25,64,11,Nixon
2/8/1974,2/11/1974,27,63,10,Nixon
2/1/1974,2/4/1974,28,59,13,Nixon
1/18/1974,1/21/1974,26,64,10,Nixon
1/4/1974,1/7/1974,27,63,10,Nixon
12/7/1973,12/10/1973,29,60,11,Nixon
11/30/1973,12/3/1973,31,59,10,Nixon
11/2/1973,11/5/1973,27,63,10,Nixon
10/19/1973,10/22/1973,27,60,13,Nixon
10/5/1973,10/8/1973,30,57,13,Nixon
9/21/1973,9/24/1973,33,59,8,Nixon
9/7/1973,9/10/1973,34,56,10,Nixon
8/17/1973,8/20/1973,36,54,10,Nixon
8/3/1973,8/6/1973,31,58,11,Nixon
7/6/1973,7/9/1973,39,49,12,Nixon
6/22/1973,6/25/1973,44,45,11,Nixon
6/1/1973,6/4/1973,44,44,12,Nixon
5/11/1973,5/14/1973,44,45,11,Nixon
5/4/1973,5/7/1973,45,42,13,Nixon
4/27/1973,4/29/1973,48,40,12,Nixon
4/6/1973,4/9/1973,54,36,10,Nixon
3/30/1973,4/2/1973,57,34,9,Nixon
2/16/1973,2/19/1973,65,25,10,Nixon
1/26/1973,1/29/1973,67,25,8,Nixon
1/12/1973,1/15/1973,51,37,12,Nixon
12/8/1972,12/11/1972,59,30,11,Nixon
11/11/1972,11/14/1972,62,28,10,Nixon
6/23/1972,6/26/1972,56,33,11,Nixon
6/16/1972,6/19/1972,59,30,11,Nixon
5/26/1972,5/29/1972,62,30,8,Nixon
4/28/1972,5/1/1972,54,37,9,Nixon
3/24/1972,3/27/1972,53,36,11,Nixon
3/3/1972,3/5/1972,56,32,12,Nixon
2/4/1972,2/7/1972,52,37,11,Nixon
1/7/1972,1/10/1972,49,39,12,Nixon
12/10/1971,12/13/1971,50,37,13,Nixon
10/29/1971,11/2/1971,49,37,14,Nixon
10/8/1971,10/11/1971,52,38,10,Nixon
8/27/1971,8/30/1971,49,38,13,Nixon
7/15/1971,7/18/1971,50,37,13,Nixon
6/25/1971,6/28/1971,48,39,13,Nixon
6/4/1971,6/7/1971,48,37,15,Nixon
5/14/1971,5/17/1971,50,35,15,Nixon
4/23/1971,4/26/1971,50,38,12,Nixon
4/2/1971,4/5/1971,49,38,13,Nixon
3/11/1971,3/14/1971,50,37,13,Nixon
2/19/1971,2/22/1971,49,37,14,Nixon
1/8/1971,1/11/1971,56,33,11,Nixon
12/3/1970,12/8/1970,52,34,14,Nixon
11/12/1970,11/17/1970,57,30,13,Nixon
10/9/1970,10/14/1970,58,27,15,Nixon
9/25/1970,9/28/1970,51,31,18,Nixon
9/11/1970,9/14/1970,57,30,13,Nixon
8/25/1970,9/1/1970,55,31,14,Nixon
7/31/1970,8/2/1970,55,32,13,Nixon
7/9/1970,7/14/1970,61,28,11,Nixon
6/18/1970,6/23/1970,55,31,14,Nixon
5/21/1970,5/26/1970,59,29,12,Nixon
4/29/1970,5/3/1970,57,32,11,Nixon
4/16/1970,4/21/1970,56,31,13,Nixon
3/18/1970,3/25/1970,54,34,12,Nixon
2/27/1970,3/2/1970,56,27,17,Nixon
1/30/1970,2/2/1970,64,24,12,Nixon
1/15/1970,1/20/1970,63,23,14,Nixon
1/2/1970,1/5/1970,61,22,17,Nixon
12/12/1969,12/15/1969,59,23,18,Nixon
11/12/1969,11/17/1969,67,19,14,Nixon
10/17/1969,10/22/1969,56,29,15,Nixon
10/2/1969,10/7/1969,57,24,19,Nixon
9/17/1969,9/22/1969,58,23,19,Nixon
9/11/1969,9/16/1969,60,24,16,Nixon
8/14/1969,8/19/1969,62,20,18,Nixon
7/24/1969,7/29/1969,65,17,18,Nixon
7/10/1969,7/15/1969,58,22,20,Nixon
6/19/1969,6/24/1969,63,16,21,Nixon
5/22/1969,5/27/1969,62,15,23,Nixon
5/15/1969,5/20/1969,65,12,23,Nixon
5/1/1969,5/6/1969,62,15,23,Nixon
4/10/1969,4/15/1969,61,12,27,Nixon
3/27/1969,4/1/1969,63,10,27,Nixon
3/12/1969,3/17/1969,65,9,26,Nixon
2/20/1969,2/25/1969,60,6,34,Nixon
1/23/1969,1/28/1969,59,5,36,Nixon
1/1/1969,1/6/1969,49,37,14,Johnson
12/5/1968,12/10/1968,44,43,13,Johnson
11/9/1968,11/14/1968,43,44,13,Johnson
9/19/1968,9/24/1968,42,51,7,Johnson
8/7/1968,8/12/1968,35,52,13,Johnson
7/18/1968,7/23/1968,40,47,13,Johnson
6/26/1968,7/1/1968,40,47,13,Johnson
6/13/1968,6/18/1968,42,45,13,Johnson
5/23/1968,5/23/1968,41,45,14,Johnson
5/2/1968,5/7/1968,46,43,11,Johnson
4/4/1968,4/9/1968,50,38,12,Johnson
3/10/1968,3/15/1968,36,52,12,Johnson
2/22/1968,2/27/1968,41,48,11,Johnson
2/2/1968,2/7/1968,41,47,12,Johnson
1/4/1968,1/9/1968,48,39,13,Johnson
12/7/1967,12/12/1967,46,41,13,Johnson
11/16/1967,11/21/1967,42,46,12,Johnson
10/27/1967,11/1/1967,41,49,10,Johnson
10/6/1967,10/11/1967,38,50,12,Johnson
9/14/1967,9/19/1967,38,48,14,Johnson
8/24/1967,8/29/1967,39,48,13,Johnson
8/3/1967,8/8/1967,40,48,12,Johnson
7/13/1967,7/18/1967,47,39,14,Johnson
6/22/1967,6/27/1967,51,35,14,Johnson
6/2/1967,6/7/1967,44,40,16,Johnson
5/11/1967,5/16/1967,45,39,16,Johnson
4/19/1967,4/24/1967,48,37,15,Johnson
3/30/1967,4/4/1967,46,38,16,Johnson
3/9/1967,3/14/1967,45,41,14,Johnson
2/16/1967,2/21/1967,45,42,13,Johnson
1/26/1967,1/31/1967,46,37,17,Johnson
1/7/1967,1/12/1967,47,37,16,Johnson
12/8/1966,12/13/1966,44,47,9,Johnson
11/10/1966,11/15/1966,49,35,16,Johnson
10/21/1966,10/26/1966,44,41,15,Johnson
10/1/1966,10/6/1966,44,42,14,Johnson
9/8/1966,9/13/1966,46,39,15,Johnson
8/18/1966,8/23/1966,47,39,14,Johnson
7/29/1966,8/3/1966,51,38,11,Johnson
7/8/1966,7/13/1966,56,30,14,Johnson
6/16/1966,6/21/1966,48,39,13,Johnson
5/19/1966,5/24/1966,50,33,17,Johnson
5/5/1966,5/10/1966,46,34,20,Johnson
4/14/1966,4/19/1966,54,33,13,Johnson
3/24/1966,3/29/1966,57,28,15,Johnson
3/3/1966,3/8/1966,58,28,14,Johnson
2/10/1966,2/15/1966,56,34,10,Johnson
1/21/1966,1/26/1966,61,27,12,Johnson
12/31/1965,1/5/1966,59,24,17,Johnson
12/11/1965,12/16/1965,63,26,11,Johnson
11/18/1965,11/23/1965,62,22,16,Johnson
10/29/1965,11/2/1965,65,22,13,Johnson
10/8/1965,10/13/1965,66,21,13,Johnson
9/16/1965,9/21/1965,63,24,13,Johnson
8/27/1965,9/1/1965,64,25,11,Johnson
8/5/1965,8/10/1965,65,22,13,Johnson
7/16/1965,7/21/1965,65,20,15,Johnson
6/24/1965,6/29/1965,65,21,14,Johnson
6/4/1965,6/9/1965,69,19,12,Johnson
5/13/1965,5/18/1965,70,18,12,Johnson
4/23/1965,4/28/1965,64,22,14,Johnson
4/2/1965,4/7/1965,67,22,11,Johnson
3/18/1965,3/23/1965,69,21,10,Johnson
3/11/1965,3/16/1965,68,18,14,Johnson
2/19/1965,2/24/1965,68,18,14,Johnson
1/28/1965,2/2/1965,70,15,15,Johnson
1/7/1965,1/12/1965,71,15,14,Johnson
12/11/1964,12/16/1964,69,18,13,Johnson
11/20/1964,11/25/1964,70,19,11,Johnson
6/25/1964,6/30/1964,74,15,11,Johnson
6/11/1964,6/16/1964,74,14,12,Johnson
6/4/1964,6/9/1964,74,12,14,Johnson
5/22/1964,5/27/1964,74,13,13,Johnson
5/6/1964,5/11/1964,75,10,15,Johnson
4/24/1964,4/29/1964,75,11,14,Johnson
3/27/1964,4/1/1964,75,12,13,Johnson
3/13/1964,3/18/1964,77,9,14,Johnson
2/28/1964,3/4/1964,79,9,12,Johnson
2/13/1964,2/18/1964,73,9,18,Johnson
1/30/1964,2/5/1964,76,8,16,Johnson
1/2/1964,1/7/1964,77,5,18,Johnson
12/12/1963,12/17/1963,74,4,22,Johnson
12/5/1963,12/10/1963,78,2,20,Johnson
11/8/1963,11/13/1963,58,30,12,Kennedy
10/11/1963,10/16/1963,58,29,13,Kennedy
9/12/1963,9/17/1963,56,29,15,Kennedy
8/15/1963,8/20/1963,62,26,12,Kennedy
7/18/1963,7/23/1963,61,27,12,Kennedy
6/21/1963,6/26/1963,61,26,13,Kennedy
5/23/1963,5/28/1963,64,24,12,Kennedy
5/8/1963,5/13/1963,65,23,12,Kennedy
5/2/1963,5/7/1963,64,25,11,Kennedy
4/4/1963,4/9/1963,66,21,13,Kennedy
3/8/1963,3/12/1963,67,20,13,Kennedy
2/7/1963,2/12/1963,70,18,12,Kennedy
1/11/1963,1/16/1963,74,14,12,Kennedy
12/13/1962,12/18/1962,76,13,11,Kennedy
11/16/1962,11/21/1962,74,14,12,Kennedy
10/19/1962,10/24/1962,61,25,14,Kennedy
9/20/1962,9/25/1962,63,22,15,Kennedy
8/23/1962,8/28/1962,67,20,13,Kennedy
7/26/1962,7/31/1962,66,23,11,Kennedy
6/28/1962,7/3/1962,69,19,12,Kennedy
5/31/1962,6/5/1962,71,19,10,Kennedy
5/3/1962,5/8/1962,74,16,10,Kennedy
4/6/1962,4/11/1962,77,13,10,Kennedy
3/8/1962,3/13/1962,79,12,9,Kennedy
2/8/1962,2/13/1962,78,11,11,Kennedy
1/11/1962,1/16/1962,79,10,11,Kennedy
12/7/1961,12/12/1961,77,11,12,Kennedy
11/17/1961,11/22/1961,79,9,12,Kennedy
10/19/1961,10/24/1961,77,12,11,Kennedy
9/21/1961,9/26/1961,79,10,11,Kennedy
8/24/1961,8/29/1961,76,12,12,Kennedy
7/27/1961,8/2/1961,75,12,13,Kennedy
6/23/1961,6/28/1961,72,14,14,Kennedy
5/28/1961,6/2/1961,74,11,15,Kennedy
5/17/1961,5/22/1961,75,10,15,Kennedy
5/4/1961,5/9/1961,77,9,14,Kennedy
4/28/1961,5/3/1961,82,5,13,Kennedy
4/6/1961,4/11/1961,78,6,16,Kennedy
3/10/1961,3/15/1961,73,7,20,Kennedy
2/10/1961,2/15/1961,72,6,22,Kennedy
12/8/1960,12/13/1960,59,28,13,Eisenhower
11/17/1960,11/22/1960,59,26,15,Eisenhower
10/18/1960,10/23/1960,58,31,11,Eisenhower
9/28/1960,10/2/1960,65,26,9,Eisenhower
9/9/1960,9/14/1960,58,28,14,Eisenhower
8/25/1960,8/30/1960,61,28,11,Eisenhower
8/11/1960,8/16/1960,63,24,13,Eisenhower
7/30/1960,8/4/1960,63,26,11,Eisenhower
7/16/1960,7/21/1960,49,33,18,Eisenhower
6/30/1960,7/5/1960,57,27,16,Eisenhower
6/16/1960,6/21/1960,61,24,15,Eisenhower
5/26/1960,5/31/1960,65,22,13,Eisenhower
4/28/1960,5/3/1960,62,22,16,Eisenhower
3/30/1960,4/4/1960,65,22,13,Eisenhower
3/2/1960,3/7/1960,64,22,14,Eisenhower
2/4/1960,2/9/1960,64,22,14,Eisenhower
1/6/1960,1/11/1960,66,19,15,Eisenhower
12/10/1959,12/15/1959,77,15,8,Eisenhower
12/3/1959,12/8/1959,67,18,15,Eisenhower
11/12/1959,11/17/1959,65,21,14,Eisenhower
10/16/1959,10/21/1959,67,19,14,Eisenhower
9/18/1959,9/23/1959,66,20,14,Eisenhower
8/20/1959,8/25/1959,67,20,13,Eisenhower
7/23/1959,7/28/1959,61,26,13,Eisenhower
6/25/1959,6/30/1959,62,23,15,Eisenhower
5/29/1959,6/3/1959,64,21,15,Eisenhower
4/29/1959,5/4/1959,60,24,16,Eisenhower
4/2/1959,4/7/1959,62,23,15,Eisenhower
3/4/1959,3/9/1959,58,26,16,Eisenhower
2/4/1959,2/9/1959,59,26,15,Eisenhower
1/7/1959,1/12/1959,57,27,16,Eisenhower
12/3/1958,12/8/1958,57,32,11,Eisenhower
11/7/1958,11/12/1958,52,30,18,Eisenhower
10/15/1958,10/20/1958,57,27,16,Eisenhower
9/24/1958,9/29/1958,54,28,18,Eisenhower
9/10/1958,9/15/1958,57,29,14,Eisenhower
8/20/1958,8/25/1958,56,27,17,Eisenhower
7/30/1958,8/4/1958,58,27,15,Eisenhower
7/10/1958,7/15/1958,52,32,16,Eisenhower
5/28/1958,6/2/1958,54,31,15,Eisenhower
5/7/1958,5/12/1958,53,32,15,Eisenhower
4/16/1958,4/21/1958,54,31,15,Eisenhower
3/27/1958,4/1/1958,48,36,16,Eisenhower
3/6/1958,3/11/1958,51,33,16,Eisenhower
2/14/1958,2/19/1958,54,33,13,Eisenhower
1/24/1958,1/29/1958,58,27,15,Eisenhower
1/2/1958,1/7/1958,60,30,10,Eisenhower
11/7/1957,11/12/1957,58,27,15,Eisenhower
10/10/1957,10/15/1957,57,27,16,Eisenhower
9/19/1957,9/24/1957,59,26,15,Eisenhower
8/29/1957,9/4/1957,59,23,18,Eisenhower
8/8/1957,8/13/1957,63,20,17,Eisenhower
7/18/1957,7/23/1957,65,22,13,Eisenhower
6/27/1957,7/2/1957,63,23,14,Eisenhower
6/6/1957,6/11/1957,64,22,14,Eisenhower
5/17/1957,5/22/1957,62,23,15,Eisenhower
4/25/1957,4/30/1957,64,23,13,Eisenhower
4/6/1957,4/11/1957,67,21,12,Eisenhower
3/15/1957,3/20/1957,65,20,15,Eisenhower
2/28/1957,3/5/1957,72,17,11,Eisenhower
2/7/1957,2/12/1957,72,16,12,Eisenhower
1/17/1957,1/22/1957,73,14,13,Eisenhower
12/14/1956,12/19/1956,79,11,10,Eisenhower
11/22/1956,11/27/1956,75,15,10,Eisenhower
8/3/1956,8/8/1956,68,19,13,Eisenhower
7/12/1956,7/17/1956,70,20,10,Eisenhower
6/15/1956,6/20/1956,73,18,9,Eisenhower
5/31/1956,6/5/1956,71,19,10,Eisenhower
5/10/1956,5/15/1956,69,17,14,Eisenhower
4/19/1956,4/24/1956,69,19,12,Eisenhower
3/29/1956,4/3/1956,73,17,10,Eisenhower
3/8/1956,3/13/1956,72,18,10,Eisenhower
2/16/1956,2/21/1956,75,15,10,Eisenhower
1/26/1956,1/31/1956,77,14,9,Eisenhower
1/6/1956,1/11/1956,76,12,12,Eisenhower
12/8/1955,12/13/1955,75,13,12,Eisenhower
11/17/1955,11/22/1955,78,13,9,Eisenhower
9/15/1955,9/20/1955,71,16,13,Eisenhower
8/25/1955,8/30/1955,71,16,13,Eisenhower
8/4/1955,8/9/1955,76,11,13,Eisenhower
7/14/1955,7/19/1955,72,18,10,Eisenhower
6/24/1955,6/29/1955,67,15,18,Eisenhower
6/3/1955,6/8/1955,70,16,14,Eisenhower
5/12/1955,5/17/1955,68,16,16,Eisenhower
4/14/1955,4/19/1955,70,14,16,Eisenhower
3/24/1955,3/29/1955,66,21,13,Eisenhower
3/3/1955,3/8/1955,71,17,12,Eisenhower
2/10/1955,2/15/1955,73,15,12,Eisenhower
1/20/1955,1/25/1955,70,17,13,Eisenhower
12/31/1954,1/5/1955,70,18,12,Eisenhower
12/2/1954,12/7/1954,69,23,8,Eisenhower
11/11/1954,11/16/1954,57,23,20,Eisenhower
10/15/1954,10/20/1954,61,26,13,Eisenhower
9/16/1954,9/21/1954,66,21,13,Eisenhower
8/26/1954,8/31/1954,63,24,13,Eisenhower
8/5/1954,8/10/1954,67,19,14,Eisenhower
7/16/1954,7/21/1954,75,20,5,Eisenhower
7/2/1954,7/7/1954,65,21,14,Eisenhower
6/12/1954,6/17/1954,62,24,14,Eisenhower
5/21/1954,5/26/1954,61,24,15,Eisenhower
5/2/1954,5/7/1954,60,22,18,Eisenhower
4/8/1954,4/13/1954,68,21,11,Eisenhower
3/19/1954,3/24/1954,66,22,12,Eisenhower
2/25/1954,3/2/1954,67,21,12,Eisenhower
1/28/1954,2/2/1954,70,17,13,Eisenhower
1/9/1954,1/14/1954,71,19,10,Eisenhower
12/11/1953,12/16/1953,69,22,9,Eisenhower
11/19/1953,11/24/1953,59,25,16,Eisenhower
11/1/1953,11/5/1953,61,26,13,Eisenhower
10/9/1953,10/14/1953,65,19,16,Eisenhower
9/12/1953,9/17/1953,61,20,19,Eisenhower
8/15/1953,8/20/1953,74,14,12,Eisenhower
7/25/1953,7/30/1953,73,13,14,Eisenhower
7/4/1953,7/9/1953,69,15,16,Eisenhower
5/9/1953,5/14/1953,74,10,16,Eisenhower
4/19/1953,4/24/1953,73,10,17,Eisenhower
3/28/1953,4/2/1953,74,8,18,Eisenhower
2/22/1953,2/27/1953,67,8,25,Eisenhower
2/1/1953,2/5/1953,68,7,25,Eisenhower
12/11/1952,12/16/1952,32,56,12,Truman
10/9/1952,10/14/1952,32,55,13,Truman
10/5/1952,10/10/1952,31,57,12,Truman
10/3/1952,10/8/1952,33,55,12,Truman
7/13/1952,7/18/1952,29,59,12,Truman
6/15/1952,6/20/1952,32,58,10,Truman
5/30/1952,6/4/1952,31,59,10,Truman
5/11/1952,5/16/1952,27,60,13,Truman
4/13/1952,4/18/1952,28,59,13,Truman
2/9/1952,2/14/1952,22,64,14,Truman
1/20/1952,1/25/1952,25,62,13,Truman
1/6/1952,1/11/1952,23,67,10,Truman
11/11/1951,11/16/1951,23,61,16,Truman
10/14/1951,10/19/1951,29,55,16,Truman
9/21/1951,9/26/1951,32,54,14,Truman
8/3/1951,8/8/1951,31,57,12,Truman
7/8/1951,7/13/1951,29,54,17,Truman
6/16/1951,6/21/1951,25,59,16,Truman
5/19/1951,5/24/1951,24,63,13,Truman
4/16/1951,4/21/1951,24,54,22,Truman
3/26/1951,3/31/1951,28,57,15,Truman
3/4/1951,3/9/1951,27,59,14,Truman
2/4/1951,2/9/1951,26,60,14,Truman
1/1/1951,1/5/1951,36,49,15,Truman
12/3/1950,12/8/1950,33,53,14,Truman
10/22/1950,10/27/1950,39,46,15,Truman
10/20/1950,10/25/1950,41,46,13,Truman
10/8/1950,10/13/1950,43,36,21,Truman
10/1/1950,10/6/1950,35,50,15,Truman
9/17/1950,9/22/1950,35,47,18,Truman
8/20/1950,8/25/1950,43,32,25,Truman
7/30/1950,8/4/1950,39,45,16,Truman
7/9/1950,7/14/1950,46,40,14,Truman
6/4/1950,6/9/1950,37,47,16,Truman
5/4/1950,5/9/1950,41,38,21,Truman
2/26/1950,3/3/1950,37,44,19,Truman
1/8/1950,1/13/1950,45,40,15,Truman
9/28/1949,10/2/1949,50,35,15,Truman
9/25/1949,9/30/1949,51,31,18,Truman
9/3/1949,9/8/1949,45,38,17,Truman
6/11/1949,6/17/1949,57,27,16,Truman
5/2/1949,5/8/1949,51,32,17,Truman
3/6/1949,3/11/1949,57,24,19,Truman
1/7/1949,1/12/1949,69,17,14,Truman
6/18/1948,6/24/1948,40,44,16,Truman
5/28/1948,6/2/1948,39,47,14,Truman
4/9/1948,4/14/1948,36,50,14,Truman
1/2/1948,1/7/1948,53,32,15,Truman
11/28/1947,12/2/1947,54,33,13,Truman
9/12/1947,9/17/1947,55,29,16,Truman
7/4/1947,7/9/1947,61,28,11,Truman
6/20/1947,6/25/1947,55,31,14,Truman
5/23/1947,5/28/1947,65,24,11,Truman
4/25/1947,4/30/1947,57,25,18,Truman
3/28/1947,4/2/1947,63,21,16,Truman
3/14/1947,3/19/1947,60,23,17,Truman
1/17/1947,1/22/1947,48,39,13,Truman
12/13/1946,12/18/1946,35,47,18,Truman
11/15/1946,11/21/1946,34,53,13,Truman
9/13/1946,9/18/1946,33,52,15,Truman
6/14/1946,6/19/1946,43,45,12,Truman
6/1/1946,6/6/1946,45,42,13,Truman
3/29/1946,4/3/1946,51,33,16,Truman
2/28/1946,3/5/1946,49,38,13,Truman
1/5/1946,1/10/1946,63,22,15,Truman
11/2/1945,11/7/1945,75,14,11,Truman
10/5/1945,10/10/1945,82,9,9,Truman
6/1/1945,6/5/1945,87,3,10,Truman
12/15/1943,12/15/1943,65,23,10,Roosevelt
3/24/1943,3/24/1943,71,19,8,Roosevelt
1/27/1943,1/27/1943,75,16,7,Roosevelt
1/7/1943,1/7/1943,75,14,9,Roosevelt
11/17/1942,11/17/1942,72,18,8,Roosevelt
9/3/1942,9/3/1942,74,18,6,Roosevelt
8/13/1942,8/13/1942,74,16,8,Roosevelt
7/1/1942,7/1/1942,79,12,8,Roosevelt
6/9/1942,6/9/1942,77,15,6,Roosevelt
3/12/1942,3/17/1942,75,14,9,Roosevelt
3/12/1942,3/17/1942,74,15,9,Roosevelt
2/23/1942,2/28/1942,78,13,7,Roosevelt
1/23/1942,1/23/1942,83,10,5,Roosevelt
9/17/1941,9/17/1941,70,24,5,Roosevelt
9/9/1941,9/9/1941,70,23,6,Roosevelt
8/26/1941,8/26/1941,67,24,7,Roosevelt
8/19/1941,8/19/1941,65,26,7,Roosevelt
8/5/1941,8/5/1941,68,23,7,Roosevelt
7/29/1941,7/29/1941,65,25,8,Roosevelt
7/22/1941,7/22/1941,69,24,6,Roosevelt
